id,nom_latin,severite,categorie,probleme,action_recommandee
13,Actaea pachypoda,AVERTISSEMENT,usage,Aucun usage paysager renseigné,Lire la section UTILISATION de la fiche
13,Actaea pachypoda,AVERTISSEMENT,sol,Aucune préférence de sol renseignée,Reprendre la section UTILISATION pour repérer les indications de sol
14,Actaea rubra,INFO,completude,Entrée coquille (seuls nom et famille renseignés),Reprendre la fiche du livre pour transcription complète
15,Actaea spicata,AVERTISSEMENT,usage,Aucun usage paysager renseigné,Lire la section UTILISATION de la fiche
15,Actaea spicata,AVERTISSEMENT,sol,Aucune préférence de sol renseignée,Reprendre la section UTILISATION pour repérer les indications de sol
16,Adenophora liliifolia,AVERTISSEMENT,usage,Aucun usage paysager renseigné,Lire la section UTILISATION de la fiche
16,Adenophora liliifolia,AVERTISSEMENT,sol,Aucune préférence de sol renseignée,Reprendre la section UTILISATION pour repérer les indications de sol
17,Adenophora tashiroi,AVERTISSEMENT,usage,Aucun usage paysager renseigné,Lire la section UTILISATION de la fiche
17,Adenophora tashiroi,AVERTISSEMENT,sol,Aucune préférence de sol renseignée,Reprendre la section UTILISATION pour repérer les indications de sol
18,Adonis vernalis,AVERTISSEMENT,usage,Aucun usage paysager renseigné,Lire la section UTILISATION de la fiche
18,Adonis vernalis,AVERTISSEMENT,sol,Aucune préférence de sol renseignée,Reprendre la section UTILISATION pour repérer les indications de sol
19,Aegopodium podagraria,AVERTISSEMENT,usage,Aucun usage paysager renseigné,Lire la section UTILISATION de la fiche
19,Aegopodium podagraria,AVERTISSEMENT,sol,Aucune préférence de sol renseignée,Reprendre la section UTILISATION pour repérer les indications de sol
20,Aethionema armenum,AVERTISSEMENT,usage,Aucun usage paysager renseigné,Lire la section UTILISATION de la fiche
20,Aethionema armenum,AVERTISSEMENT,sol,Aucune préférence de sol renseignée,Reprendre la section UTILISATION pour repérer les indications de sol
21,Agapanthus africanus,AVERTISSEMENT,usage,Aucun usage paysager renseigné,Lire la section UTILISATION de la fiche
21,Agapanthus africanus,AVERTISSEMENT,sol,Aucune préférence de sol renseignée,Reprendre la section UTILISATION pour repérer les indications de sol
22,Agastache barberi,AVERTISSEMENT,usage,Aucun usage paysager renseigné,Lire la section UTILISATION de la fiche
22,Agastache barberi,AVERTISSEMENT,sol,Aucune préférence de sol renseignée,Reprendre la section UTILISATION pour repérer les indications de sol
23,Agastache foeniculum,AVERTISSEMENT,usage,Aucun usage paysager renseigné,Lire la section UTILISATION de la fiche
23,Agastache foeniculum,AVERTISSEMENT,sol,Aucune préférence de sol renseignée,Reprendre la section UTILISATION pour repérer les indications de sol
24,Ajania pacifica,AVERTISSEMENT,usage,Aucun usage paysager renseigné,Lire la section UTILISATION de la fiche
24,Ajania pacifica,AVERTISSEMENT,sol,Aucune préférence de sol renseignée,Reprendre la section UTILISATION pour repérer les indications de sol
25,Ajuga genevensis,AVERTISSEMENT,usage,Aucun usage paysager renseigné,Lire la section UTILISATION de la fiche
25,Ajuga genevensis,AVERTISSEMENT,sol,Aucune préférence de sol renseignée,Reprendre la section UTILISATION pour repérer les indications de sol
26,Ajuga reptans,AVERTISSEMENT,usage,Aucun usage paysager renseigné,Lire la section UTILISATION de la fiche
26,Ajuga reptans,AVERTISSEMENT,sol,Aucune préférence de sol renseignée,Reprendre la section UTILISATION pour repérer les indications de sol
27,Alcea rosea,AVERTISSEMENT,usage,Aucun usage paysager renseigné,Lire la section UTILISATION de la fiche
27,Alcea rosea,AVERTISSEMENT,sol,Aucune préférence de sol renseignée,Reprendre la section UTILISATION pour repérer les indications de sol
28,Alchemilla mollis,AVERTISSEMENT,usage,Aucun usage paysager renseigné,Lire la section UTILISATION de la fiche
28,Alchemilla mollis,AVERTISSEMENT,sol,Aucune préférence de sol renseignée,Reprendre la section UTILISATION pour repérer les indications de sol
29,Allium flavum,AVERTISSEMENT,usage,Aucun usage paysager renseigné,Lire la section UTILISATION de la fiche
29,Allium flavum,AVERTISSEMENT,sol,Aucune préférence de sol renseignée,Reprendre la section UTILISATION pour repérer les indications de sol
30,Alonsoa warscewiczii,AVERTISSEMENT,usage,Aucun usage paysager renseigné,Lire la section UTILISATION de la fiche
30,Alonsoa warscewiczii,AVERTISSEMENT,sol,Aucune préférence de sol renseignée,Reprendre la section UTILISATION pour repérer les indications de sol
31,Alstroemeria aurantiaca,AVERTISSEMENT,usage,Aucun usage paysager renseigné,Lire la section UTILISATION de la fiche
31,Alstroemeria aurantiaca,AVERTISSEMENT,sol,Aucune préférence de sol renseignée,Reprendre la section UTILISATION pour repérer les indications de sol
32,Alyssum saxatile,AVERTISSEMENT,usage,Aucun usage paysager renseigné,Lire la section UTILISATION de la fiche
32,Alyssum saxatile,AVERTISSEMENT,sol,Aucune préférence de sol renseignée,Reprendre la section UTILISATION pour repérer les indications de sol
33,Amsonia angustifolia,AVERTISSEMENT,usage,Aucun usage paysager renseigné,Lire la section UTILISATION de la fiche
33,Amsonia angustifolia,AVERTISSEMENT,sol,Aucune préférence de sol renseignée,Reprendre la section UTILISATION pour repérer les indications de sol
34,Anacyclus pyrethrum var. depressus,AVERTISSEMENT,usage,Aucun usage paysager renseigné,Lire la section UTILISATION de la fiche
34,Anacyclus pyrethrum var. depressus,AVERTISSEMENT,sol,Aucune préférence de sol renseignée,Reprendre la section UTILISATION pour repérer les indications de sol
35,Anaphalis margaritacea,AVERTISSEMENT,usage,Aucun usage paysager renseigné,Lire la section UTILISATION de la fiche
35,Anaphalis margaritacea,AVERTISSEMENT,sol,Aucune préférence de sol renseignée,Reprendre la section UTILISATION pour repérer les indications de sol
36,Anchusa azurea,AVERTISSEMENT,usage,Aucun usage paysager renseigné,Lire la section UTILISATION de la fiche
36,Anchusa azurea,AVERTISSEMENT,sol,Aucune préférence de sol renseignée,Reprendre la section UTILISATION pour repérer les indications de sol
91,Asclepias syriaca,AVERTISSEMENT,sol,Aucune préférence de sol renseignée,Reprendre la section UTILISATION pour repérer les indications de sol
110,Begonia sutherlandii,AVERTISSEMENT,sol,Aucune préférence de sol renseignée,Reprendre la section UTILISATION pour repérer les indications de sol
112,Bellis perennis,AVERTISSEMENT,sol,Aucune préférence de sol renseignée,Reprendre la section UTILISATION pour repérer les indications de sol
115,Bergenia crassifolia,AVERTISSEMENT,sol,Aucune préférence de sol renseignée,Reprendre la section UTILISATION pour repérer les indications de sol
127,Campanula barbata,AVERTISSEMENT,sol,Aucune préférence de sol renseignée,Reprendre la section UTILISATION pour repérer les indications de sol
128,Campanula 'Birch hybrid',AVERTISSEMENT,sol,Aucune préférence de sol renseignée,Reprendre la section UTILISATION pour repérer les indications de sol
129,Campanula carpatica,AVERTISSEMENT,sol,Aucune préférence de sol renseignée,Reprendre la section UTILISATION pour repérer les indications de sol
130,Campanula carpatica var. turbinata,AVERTISSEMENT,sol,Aucune préférence de sol renseignée,Reprendre la section UTILISATION pour repérer les indications de sol
133,Campanula garganica,AVERTISSEMENT,sol,Aucune préférence de sol renseignée,Reprendre la section UTILISATION pour repérer les indications de sol
134,Campanula portenschlagiana,AVERTISSEMENT,sol,Aucune préférence de sol renseignée,Reprendre la section UTILISATION pour repérer les indications de sol
135,Campanula poscharskyana,AVERTISSEMENT,sol,Aucune préférence de sol renseignée,Reprendre la section UTILISATION pour repérer les indications de sol
138,Campanula burghaltii,AVERTISSEMENT,sol,Aucune préférence de sol renseignée,Reprendre la section UTILISATION pour repérer les indications de sol
144,Campanula persicifolia var. sessiliflora,AVERTISSEMENT,sol,Aucune préférence de sol renseignée,Reprendre la section UTILISATION pour repérer les indications de sol
149,Cardamine pratensis,AVERTISSEMENT,usage,Aucun usage paysager renseigné,Lire la section UTILISATION de la fiche
155,Centaurea hypoleuca,AVERTISSEMENT,sol,Aucune préférence de sol renseignée,Reprendre la section UTILISATION pour repérer les indications de sol
156,Centaurea macrocephala,AVERTISSEMENT,sol,Aucune préférence de sol renseignée,Reprendre la section UTILISATION pour repérer les indications de sol
157,Centaurea montana,AVERTISSEMENT,sol,Aucune préférence de sol renseignée,Reprendre la section UTILISATION pour repérer les indications de sol
159,Centaurea simplicicaulis,AVERTISSEMENT,sol,Aucune préférence de sol renseignée,Reprendre la section UTILISATION pour repérer les indications de sol
164,Cerastium arvense,AVERTISSEMENT,sol,Aucune préférence de sol renseignée,Reprendre la section UTILISATION pour repérer les indications de sol
174,Chrysanthemum hybrides des jardins,AVERTISSEMENT,sol,Aucune préférence de sol renseignée,Reprendre la section UTILISATION pour repérer les indications de sol
183,Clematis tangutica,AVERTISSEMENT,sol,Aucune préférence de sol renseignée,Reprendre la section UTILISATION pour repérer les indications de sol
185,Codonopsis tangshen,AVERTISSEMENT,sol,Aucune préférence de sol renseignée,Reprendre la section UTILISATION pour repérer les indications de sol
199,Coreopsis lanceolata,AVERTISSEMENT,sol,Aucune préférence de sol renseignée,Reprendre la section UTILISATION pour repérer les indications de sol
200,Coreopsis lanceolata,AVERTISSEMENT,sol,Aucune préférence de sol renseignée,Reprendre la section UTILISATION pour repérer les indications de sol
201,Coreopsis lanceolata,AVERTISSEMENT,sol,Aucune préférence de sol renseignée,Reprendre la section UTILISATION pour repérer les indications de sol
202,Coreopsis lanceolata,AVERTISSEMENT,sol,Aucune préférence de sol renseignée,Reprendre la section UTILISATION pour repérer les indications de sol
208,Coreopsis verticillata,AVERTISSEMENT,sol,Aucune préférence de sol renseignée,Reprendre la section UTILISATION pour repérer les indications de sol
217,Corydalis solida,AVERTISSEMENT,usage,Aucun usage paysager renseigné,Lire la section UTILISATION de la fiche
227,Crocosmia hybrides,AVERTISSEMENT,sol,Aucune préférence de sol renseignée,Reprendre la section UTILISATION pour repérer les indications de sol
228,Crocosmia hybrides,AVERTISSEMENT,sol,Aucune préférence de sol renseignée,Reprendre la section UTILISATION pour repérer les indications de sol
229,Crocosmia hybrides,AVERTISSEMENT,sol,Aucune préférence de sol renseignée,Reprendre la section UTILISATION pour repérer les indications de sol
230,Crocosmia hybrides,AVERTISSEMENT,sol,Aucune préférence de sol renseignée,Reprendre la section UTILISATION pour repérer les indications de sol
231,Crocosmia hybrides,AVERTISSEMENT,sol,Aucune préférence de sol renseignée,Reprendre la section UTILISATION pour repérer les indications de sol
234,Cyclamen purpurascens,AVERTISSEMENT,usage,Aucun usage paysager renseigné,Lire la section UTILISATION de la fiche
