id,genre,nom_commun,nom_latin,cultivar_ou_espece,famille,categorie,exposition_soleil,exposition_mi_ombre,exposition_ombre,plante_peu_courante,sol_sec,sol_frais,sol_humide,sol_lourd,sol_leger,sol_draine,sol_calcaire,sol_acide,sol_riche,sol_pauvre,besoin_eau,hauteur_min_cm,hauteur_max_cm,largeur_min_cm,largeur_max_cm,floraison_debut,floraison_fin,couleur_fleur,couleur_feuillage,couleur_blanc,couleur_jaune,couleur_orange,couleur_rouge,couleur_rose,couleur_violet,couleur_bleu,couleur_vert,couleur_pourpre,couleur_creme,couleur_argente,palette_couleur,usage_massif,usage_bordure,usage_rocaille,usage_bassin,usage_pot,usage_couvre_sol,usage_bouquet,plantation_methode,entretien,remarques,rusticite_min_C,zone_rusticite,feuillage_type,distance_plantation_cm,toxicite,attire_pollinisateurs,niveau_donnees,source_page,source_photo,source_enrichissement,statut_validation,lot_integration
1,Abutilon,Abutilon,Abutilon megapotamicum,megapotamicum,Malvacées,arbuste,1,0,0,0,0,1,0,0,0,1,0,0,0,0,moyen,100,300,100,100,,,"rouge, jaune",,0,1,0,1,0,0,0,0,0,0,0,chaude,1,0,0,0,0,0,0,,,Supporte la sécheresse; climat doux.,-5,,,,,,livre_complet,19,,déduit du livre (mention climat doux ou peu rustique),extrait_structuré,lots_1_a_5
2,Acaena,Acaena,Acaena buchananii,buchananii,Rosacées,couvre-sol,1,1,0,0,1,1,0,0,0,1,0,0,0,0,faible,5,5,30,30,,,blanchâtre,,1,0,0,0,0,0,0,0,0,0,0,neutre,0,1,1,0,0,1,0,,,,,,,,,,livre_complet,19,,,extrait_structuré,lots_1_a_5
3,Acaena,Acaena,Acaena magellanica,magellanica,Rosacées,couvre-sol,1,1,0,0,1,1,0,0,0,1,0,0,0,0,faible,10,10,40,100,,,blanc,,1,0,0,0,0,0,0,0,0,0,0,neutre,0,0,1,0,0,1,0,,,,,,,,,,livre_complet,19,,,extrait_structuré,lots_1_a_5
4,Acanthus,Acanthe,Acanthus mollis,mollis,Acanthacées,vivace,1,0,0,0,0,1,0,0,0,1,0,0,1,0,moyen,80,200,80,100,juin,juillet,"blanc, pourpre",,1,0,0,0,0,1,0,0,1,0,0,froide|neutre,1,0,0,0,0,0,0,,,,,,,,,,livre_complet,20,,,extrait_structuré,lots_1_a_5
5,Acanthus,Acanthe,Acanthus hungaricus,hungaricus,Acanthacées,vivace,1,0,0,0,0,1,0,0,0,1,0,0,0,0,moyen,60,120,60,70,juin,juillet,"blanc, pourpre",,1,0,0,0,0,1,0,0,1,0,0,froide|neutre,1,0,0,0,0,0,0,,,,,,,,,,livre_complet,20,,,extrait_structuré,lots_1_a_5
6,Acanthus,Acanthe,Acanthus spinosus,spinosus,Acanthacées,vivace,1,0,0,0,0,1,0,0,0,1,0,0,0,0,moyen,80,80,60,70,,,"blanc rosé, pourpre",,1,0,0,0,1,1,0,0,1,0,0,chaude|froide|neutre,1,0,0,0,0,0,0,,,,,,,,,,livre_complet,21,,,extrait_structuré,lots_1_a_5
7,Achillea,Achillée,Achillea ageratifolia,ageratifolia,Astéracées,vivace,1,0,0,0,1,0,0,0,0,1,1,0,0,0,faible,15,20,20,30,juillet,août,blanc,,1,0,0,0,0,0,0,0,0,0,0,neutre,0,0,1,0,0,0,0,,,,,,,,,,livre_complet,22,,,extrait_structuré,lots_1_a_5
8,Achillea,Achillée,Achillea ageratum,ageratum,Astéracées,vivace,1,0,0,0,1,0,0,0,0,1,0,0,0,0,faible,50,50,50,50,juin,juillet,jaune,,0,1,0,0,0,0,0,0,0,0,0,chaude,1,0,0,0,0,0,1,,,,,,,,,,livre_complet,22,,,extrait_structuré,lots_1_a_5
9,Achillea,Achillée,Achillea millefolium,millefolium,Astéracées,vivace,1,0,0,0,1,0,0,0,0,1,0,0,0,0,faible,30,100,50,50,juin,août,"blanc, rose, carmin",,1,0,0,1,1,0,0,0,0,0,0,chaude|neutre,1,0,0,0,0,0,1,,,Rabattre les hampes défleuries pour une remontée.,,,,,,,livre_complet,23,,,extrait_structuré,lots_1_a_5
10,Achillea,Achillée,Achillea ptarmica,ptarmica,Astéracées,vivace,1,1,0,0,0,1,1,0,0,0,0,0,0,0,moyen,50,80,50,60,juillet,septembre,blanc,,1,0,0,0,0,0,0,0,0,0,0,neutre,1,0,0,1,0,0,1,,,,,,,,,,livre_complet,25,,,extrait_structuré,lots_1_a_5
11,Aconitum,Aconit,Aconitum napellus,napellus,Renonculacées,vivace,1,1,0,0,0,1,0,0,0,0,0,0,1,0,moyen,100,100,60,60,juin,août,bleu violacé,,0,0,0,0,0,1,1,0,0,0,0,froide,1,0,0,0,0,0,0,,,Plante toxique.,,,,,,,livre_complet,27,,,extrait_structuré,lots_1_a_5
12,Acinos,Calament des Alpes,Acinos alpinus,alpinus,Lamiacées,vivace,1,0,0,0,1,0,0,0,0,1,1,0,0,1,faible,5,15,30,30,juin,août,rose pourpré,,0,0,0,0,1,0,0,0,0,0,0,chaude,0,0,1,0,0,0,0,,,,,,,,,,livre_complet,27,,,extrait_structuré,lots_1_a_5
13,Actaea,Actée,Actaea pachypoda,,Renonculacées,vivace,1,1,0,0,0,0,0,0,0,0,0,0,0,0,,,,,,,,,,0,0,0,0,0,0,0,0,0,0,0,non_renseignee,0,0,0,0,0,0,0,,,,,,,,,,livre_partiel,29,,,extrait_structuré,lots_1_a_5
14,Actaea,Actée,Actaea rubra,,Renonculacées,vivace,0,0,0,1,0,0,0,0,0,0,0,,0,0,,,,,,,,,,0,0,0,0,0,0,0,0,0,0,0,non_renseignee,0,0,0,0,0,0,0,,,,,,,,,,coquille,29,,,coquille,lots_1_a_5
15,Actaea,Actée,Actaea spicata,,Renonculacées,vivace,0,0,1,1,0,0,0,0,0,0,0,0,0,0,,,,,,,,,,0,0,0,0,0,0,0,0,0,0,0,non_renseignee,0,0,0,0,0,0,0,,,,,,,,,,livre_partiel,29,,,extrait_structuré,lots_1_a_5
16,Adenophora,Adenophora,Adenophora liliifolia,,Campanulacées,vivace,1,1,0,0,0,0,0,0,0,0,0,0,0,0,,,,,,,,,,0,0,0,0,0,0,0,0,0,0,0,non_renseignee,0,0,0,0,0,0,0,,,,,,,,,,livre_partiel,29,,,extrait_structuré,lots_1_a_5
17,Adenophora,Adenophora,Adenophora tashiroi,,Campanulacées,vivace,1,1,0,1,0,0,0,0,0,0,0,0,0,0,,,,,,,,,,0,0,0,0,0,0,0,0,0,0,0,non_renseignee,0,0,0,0,0,0,0,,,,,,,,,,livre_partiel,29,,,extrait_structuré,lots_1_a_5
18,Adonis,Adonide de printemps,Adonis vernalis,,Renonculacées,vivace,1,0,0,0,0,0,0,0,0,0,0,0,0,0,,,,,,,,,,0,0,0,0,0,0,0,0,0,0,0,non_renseignee,0,0,0,0,0,0,0,,,,,,,,,,livre_partiel,30,,,extrait_structuré,lots_1_a_5
19,Aegopodium,Herbe au goutteux,Aegopodium podagraria,,Apiacées,vivace,0,1,0,0,0,0,0,0,0,0,0,0,0,0,,,,,,,,,,0,0,0,0,0,0,0,0,0,0,0,non_renseignee,0,0,0,0,0,0,0,,,,,,,,,,livre_partiel,30,,,extrait_structuré,lots_1_a_5
20,Aethionema,Aethionema,Aethionema armenum,,Brassicacées,vivace,1,0,0,0,0,0,0,0,0,0,0,0,0,0,,,,,,,,,,0,0,0,0,0,0,0,0,0,0,0,non_renseignee,0,0,0,0,0,0,0,,,,,,,,,,livre_partiel,30,,,extrait_structuré,lots_1_a_5
21,Agapanthus,Agapanthe,Agapanthus africanus,,Liliacées,vivace,1,0,0,0,0,0,0,0,0,0,0,0,0,0,,,,,,,,,,0,0,0,0,0,0,0,0,0,0,0,non_renseignee,0,0,0,0,0,0,0,,,,,,,,,,livre_partiel,30,,,extrait_structuré,lots_1_a_5
22,Agastache,Agastache,Agastache barberi,,Lamiacées,vivace,1,1,0,0,0,0,0,0,0,0,0,0,0,0,,,,,,,,,,0,0,0,0,0,0,0,0,0,0,0,non_renseignee,0,0,0,0,0,0,0,,,,,,,,,,livre_partiel,32,,,extrait_structuré,lots_1_a_5
23,Agastache,Agastache,Agastache foeniculum,,Lamiacées,vivace,1,1,0,0,0,0,0,0,0,0,0,0,0,0,,,,,,,,,,0,0,0,0,0,0,0,0,0,0,0,non_renseignee,0,0,0,0,0,0,0,,,,,,,,,,livre_partiel,33,,,extrait_structuré,lots_1_a_5
24,Ajania,Ajania,Ajania pacifica,,Astéracées,vivace,1,0,0,0,0,0,0,0,0,0,0,0,0,0,,,,,,,,,,0,0,0,0,0,0,0,0,0,0,0,non_renseignee,0,0,0,0,0,0,0,,,,,,,,,,livre_partiel,33,,,extrait_structuré,lots_1_a_5
25,Ajuga,Bugle,Ajuga genevensis,,Lamiacées,vivace,0,1,0,1,0,0,0,0,0,0,0,0,0,0,,,,,,,,,,0,0,0,0,0,0,0,0,0,0,0,non_renseignee,0,0,0,0,0,0,0,,,,,,,,,,livre_partiel,33,,,extrait_structuré,lots_1_a_5
26,Ajuga,Bugle rampante,Ajuga reptans,,Lamiacées,vivace,0,1,0,1,0,0,0,0,0,0,0,0,0,0,,,,,,,,,,0,0,0,0,0,0,0,0,0,0,0,non_renseignee,0,0,0,0,0,0,0,,,,,,,,,,livre_partiel,35,,,extrait_structuré,lots_1_a_5
27,Alcea,Rose trémière,Alcea rosea,,Malvacées,vivace,1,1,0,0,0,0,0,0,0,0,0,0,0,0,,,,,,,,,,0,0,0,0,0,0,0,0,0,0,0,non_renseignee,0,0,0,0,0,0,0,,,,,,,,,,livre_partiel,36,,,extrait_structuré,lots_1_a_5
28,Alchemilla,Alchémille,Alchemilla mollis,,Rosacées,vivace,1,1,0,0,0,0,0,0,0,0,0,0,0,0,,,,,,,,,,0,0,0,0,0,0,0,0,0,0,0,non_renseignee,0,0,0,0,0,0,0,,,,,,,,,,livre_partiel,37,,,extrait_structuré,lots_1_a_5
29,Allium,Ail décoratif,Allium flavum,,Alliacées,vivace,1,1,0,0,0,0,0,0,0,0,0,0,0,0,,,,,,,,,,0,0,0,0,0,0,0,0,0,0,0,non_renseignee,0,0,0,0,0,0,0,,,,,,,,,,livre_partiel,37,,,extrait_structuré,lots_1_a_5
30,Alonsoa,Alonsoa,Alonsoa warscewiczii,,Scrophulariacées,vivace,1,0,0,0,0,0,0,0,0,0,0,0,0,0,,,,,,,,,,0,0,0,0,0,0,0,0,0,0,0,non_renseignee,0,0,0,0,0,0,0,,,,,,,,,,livre_partiel,38,,,extrait_structuré,lots_1_a_5
31,Alstroemeria,Lis des Incas,Alstroemeria aurantiaca,,Amaryllidacées,vivace,1,0,0,0,0,0,0,0,0,0,0,0,0,0,,,,,,,,,,0,0,0,0,0,0,0,0,0,0,0,non_renseignee,0,0,0,0,0,0,0,,,,,,,,,,livre_partiel,38,,,extrait_structuré,lots_1_a_5
32,Alyssum,Alysse,Alyssum saxatile,,Brassicacées,vivace,1,0,0,0,0,0,0,0,0,0,0,0,0,0,,,,,,,,,,0,0,0,0,0,0,0,0,0,0,0,non_renseignee,0,0,0,0,0,0,0,,,,,,,,,,livre_partiel,40,,,extrait_structuré,lots_1_a_5
33,Amsonia,Amsonia,Amsonia angustifolia,,Apocynacées,vivace,1,1,0,1,0,0,0,0,0,0,0,0,0,0,,,,,,,,,,0,0,0,0,0,0,0,0,0,0,0,non_renseignee,0,0,0,0,0,0,0,,,,,,,,,,livre_partiel,40,,,extrait_structuré,lots_1_a_5
34,Anacyclus,Anacyclus,Anacyclus pyrethrum var. depressus,,Astéracées,vivace,1,1,0,0,0,0,0,0,0,0,0,0,0,0,,,,,,,,,,0,0,0,0,0,0,0,0,0,0,0,non_renseignee,0,0,0,0,0,0,0,,,,,,,,,,livre_partiel,41,,,extrait_structuré,lots_1_a_5
35,Anaphalis,Immortelle de Virginie,Anaphalis margaritacea,,Astéracées,vivace,1,0,0,0,0,0,0,0,0,0,0,0,0,0,,,,,,,,,,0,0,0,0,0,0,0,0,0,0,0,non_renseignee,0,0,0,0,0,0,0,,,,,,,,,,livre_partiel,41,,,extrait_structuré,lots_1_a_5
36,Anchusa,Buglosse,Anchusa azurea,,Boraginacées,vivace,1,1,0,0,0,0,0,0,0,0,0,0,0,0,,,,,,,,,,0,0,0,0,0,0,0,0,0,0,0,non_renseignee,0,0,0,0,0,0,0,,,,,,,,,,livre_partiel,41,,,extrait_structuré,lots_1_a_5
37,Androsace,Androsace,Androsace sarmentosa,sarmentosa,Rosacées,vivace,1,1,0,0,0,1,0,0,0,1,0,0,0,0,moyen,10,10,30,40,mai,juin,rose clair,,0,0,0,0,1,0,0,0,0,0,0,chaude,0,0,1,0,1,0,0,,,Aime terre humifère bien drainée; joints humides entre pierres.,,,,,,,livre_complet,42,IMG_1BE69810,,extrait_structuré,lots_1_a_5
38,Androsace,Androsace,Androsace sempervivoides,sempervivoides,Rosacées,vivace,1,1,0,1,0,1,0,0,0,1,0,0,0,0,,5,10,20,20,mars,mai,rose parfumé,,0,0,0,0,1,0,0,0,0,0,0,chaude,0,0,1,0,1,0,0,,,Rosettes denses; fleurs à œil jaune à rougeâtre.,,,,,,,livre_complet,42,IMG_1BE69810,,extrait_structuré,lots_1_a_5
39,Anemone,Anémone,Anemone blanda,blanda,Renonculacées,vivace bulbeuse,0,1,1,0,1,1,0,0,0,0,0,0,1,0,moyen,15,15,30,30,mars,avril,"bleu, rose, rouge carmin",,0,0,0,1,1,0,1,0,0,0,0,chaude|froide,1,0,0,0,0,1,0,,,"Emplacements ombragés; sol riche en humus, modérément sec ou frais.",,,caduc,,,,livre_complet,42,IMG_1BE69810,déduit du livre (catégorie bulbeuse/tubéreuse),extrait_structuré,lots_1_a_5
40,Anemone,Anémone du Canada,Anemone canadensis,canadensis,Renonculacées,vivace,1,1,0,0,0,1,1,0,0,0,0,0,0,0,moyen,20,30,30,40,juin,juillet,blanc nacré,,1,0,0,0,0,0,0,0,0,0,0,neutre,1,0,0,0,0,1,0,,,Souche traçante vigoureuse; bon effet tapissant.,,,,,,,livre_complet,43,,,extrait_structuré,lots_1_a_5
41,Anemone,Anémone,Anemone x lesseri,x lesseri,Renonculacées,vivace,1,1,0,1,1,1,0,0,0,0,1,0,0,0,moyen,20,30,30,40,mai,juin,rouge carmin,,0,0,0,1,0,0,0,0,0,0,0,chaude,1,0,1,0,0,0,0,,,,,,,,,,livre_complet,43,,,extrait_structuré,lots_1_a_5
42,Anemone,Anémone,Anemone narcissiflora,narcissiflora,Renonculacées,vivace,1,1,0,1,0,1,1,0,0,0,0,0,0,0,moyen,40,40,40,40,mai,juin,blanc,,1,0,0,0,0,0,0,0,0,0,0,neutre,0,0,1,0,0,0,0,,,Sol humifère frais; espèce durable pour rocaille.,,,,,,,livre_complet,43,,,extrait_structuré,lots_1_a_5
43,Anemone,Anémone des bois,Anemone nemorosa,nemorosa,Renonculacées,vivace,0,1,1,1,0,1,1,0,0,0,0,0,0,0,moyen,15,20,40,40,avril,mai,"blanc, rose ou bleu selon variété",,1,0,0,0,1,0,1,0,0,0,0,chaude|froide|neutre,1,0,0,0,0,1,0,,,"Sous-bois, sous arbustes; sol frais à humide au printemps.",,,,,,,livre_complet,43,,,extrait_structuré,lots_1_a_5
44,Anemone,Anémone sylvestre,Anemone sylvestris,sylvestris,Renonculacées,vivace,1,1,0,0,1,1,0,0,0,0,1,0,0,0,moyen,30,40,40,40,mai,juin,blanc,,1,0,0,0,0,0,0,0,0,0,0,neutre,1,0,0,0,0,0,1,,,Tolère sol limoneux et calcaire; aime les emplacements chauds.,,,,,,,livre_complet,43,,,extrait_structuré,lots_1_a_5
45,Anemone,Anémone d’automne,Anemone hupehensis,hupehensis,Renonculacées,vivace,1,1,0,0,0,1,0,0,0,0,0,0,1,0,moyen,80,100,50,60,août,octobre,"rose carmin, rose tendre",,0,0,0,1,1,0,0,0,0,0,0,chaude,1,0,0,0,0,0,1,,,"Sol riche, frais ou jamais très sec; pailler en climat très froid.",,,,,,,livre_complet,44,,,extrait_structuré,lots_1_a_5
46,Anemone,Anémone du Japon,Anemone x hybrida,x hybrida,Renonculacées,vivace,1,1,0,0,0,1,0,0,0,0,0,0,1,0,moyen,70,120,50,60,septembre,octobre,"blanc, rose, rose foncé",,1,0,0,0,1,0,0,0,0,0,0,chaude|neutre,1,0,0,0,0,0,1,,,"Variétés: Honorine Jobert, Königin Charlotte, Pamina, Serenade, Whirlwind.",,,,,,,livre_complet,45,,,extrait_structuré,lots_1_a_5
47,Anemone,Anémone tomenteuse,Anemone tomentosa,Robustissima,Renonculacées,vivace,1,1,0,0,0,1,0,0,0,0,0,0,0,0,moyen,100,100,60,60,août,septembre,"blanc rosé, revers rose",,1,0,0,0,1,0,0,0,0,0,0,chaude|neutre,1,0,0,0,0,0,1,,,Forme vigoureuse et floribonde.,,,,,,,livre_complet,45,,,extrait_structuré,lots_1_a_5
48,Angelica,Angélique décorative,Angelica gigas,gigas,Apiacées,bisannuelle/vivace,1,1,0,0,0,1,1,0,0,1,0,0,0,0,moyen,200,250,150,150,juin,août,pourpre,,0,0,0,0,0,1,0,0,1,0,0,froide,1,0,0,0,0,0,0,,,Isolée parmi plantes basses ou devant arbustes; sol perméable et humifère.,,,,,,,livre_complet,45,,,extrait_structuré,lots_1_a_5
49,Antennaria,Pied de chat,Antennaria dioica,dioica,Astéracées,couvre-sol,1,0,0,0,1,0,0,0,0,0,1,0,0,1,faible,10,15,40,40,mai,juin,"blanc mâle, rosé femelle",,1,0,0,0,1,0,0,0,0,0,0,chaude|neutre,0,0,1,0,1,1,0,,,,,,,,,,livre_complet,46,,,extrait_structuré,lots_1_a_5
50,Antennaria,Pied de chat,Antennaria parvifolia,parvifolia,Astéracées,couvre-sol,1,0,0,0,1,0,0,0,0,0,1,0,0,0,faible,15,20,40,40,,,,,0,0,0,0,0,0,0,0,0,0,0,non_renseignee,0,0,1,0,0,1,0,,,Terre sèche même caillouteuse.,,,,,,,livre_partiel,46,,,extrait_structuré,lots_1_a_5
51,Anthemis,Camomille,Anthemis carpatica,Karpatenschnee,Astéracées,vivace,1,0,0,1,1,0,0,0,0,1,0,0,0,1,faible,15,20,40,40,juin,juin,blanc cœur jaune,,1,1,0,0,0,0,0,0,0,0,0,chaude|neutre,0,1,1,0,0,0,0,,,,,,,,,,livre_complet,46,,,extrait_structuré,lots_1_a_5
52,Anthemis,Camomille,Anthemis cupaniana,cupaniana,Astéracées,vivace,1,0,0,0,1,0,0,0,0,1,0,0,0,0,faible,20,30,60,60,juin,juillet,blanc cœur jaune,,1,1,0,0,0,0,0,0,0,0,0,chaude|neutre,1,1,0,0,0,0,0,,,,,,,,,,livre_complet,46,,,extrait_structuré,lots_1_a_5
53,Anthemis,Camomille,Anthemis hybrides,hybrides,Astéracées,vivace,1,0,0,1,0,0,0,0,0,1,0,0,0,0,faible,50,70,50,60,juin,septembre,"jaune, crème, citron",,0,1,0,0,0,0,0,0,0,1,0,chaude|neutre,1,0,0,0,0,0,1,,,,,,,,,,livre_complet,47,,,extrait_structuré,lots_1_a_5
54,Anthemis,Camomille,Anthemis marschalliana,marschalliana,Astéracées,vivace,1,0,0,0,1,0,0,0,0,1,0,0,0,0,faible,20,30,40,50,mai,juin,jaune,,0,1,0,0,0,0,0,0,0,0,0,chaude,0,1,1,0,0,0,0,,,,,,,,,,livre_complet,47,,,extrait_structuré,lots_1_a_5
55,Anthemis,Camomille des teinturiers,Anthemis tinctoria,tinctoria,Astéracées,vivace,1,0,0,0,1,0,0,0,0,1,0,0,0,0,faible,40,60,50,50,juin,septembre,jaune d’or,,0,1,0,0,0,0,0,0,0,0,0,chaude,1,0,0,0,0,0,0,,,,,,,,,,livre_complet,47,,,extrait_structuré,lots_1_a_5
56,Anthericum,Phalangère,Anthericum liliago,liliago,Liliacées,vivace,1,0,0,0,1,0,0,0,0,1,1,0,0,0,faible,50,60,30,30,mai,juin,blanc,,1,0,0,0,0,0,0,0,0,0,0,neutre,0,0,1,0,1,0,1,,,,,,,,,,livre_complet,47,,,extrait_structuré,lots_1_a_5
57,Anthericum,Phalangère,Anthericum ramosum,ramosum,Liliacées,vivace,1,0,0,0,1,0,0,0,0,1,1,0,0,0,faible,60,70,30,40,juin,août,blanc,,1,0,0,0,0,0,0,0,0,0,0,neutre,1,0,1,0,0,0,0,,,,,,,,,,livre_complet,47,,,extrait_structuré,lots_1_a_5
58,Aquilegia,Ancolie,Aquilegia alpina,alpina,Renonculacées,vivace,1,1,0,0,0,1,1,0,0,0,0,0,0,0,moyen,50,60,40,40,mai,juin,bleu,,0,0,0,0,0,0,1,0,0,0,0,froide,1,0,1,0,0,0,0,,,Craint le calcaire.,,,,,,,livre_complet,49,,,extrait_structuré,lots_1_a_5
59,Aquilegia,Ancolie,Aquilegia canadensis,canadensis,Renonculacées,vivace,0,1,0,1,0,0,1,0,0,0,0,0,0,0,moyen,40,40,30,30,avril,mai,rouge et jaune,,0,1,0,1,0,0,0,0,0,0,0,chaude,1,0,1,0,1,0,0,,,,,,,,,,livre_complet,49,,,extrait_structuré,lots_1_a_5
60,Aquilegia,Ancolie,Aquilegia chrysantha,chrysantha,Renonculacées,vivace,1,1,0,0,0,1,0,0,0,0,0,0,0,0,moyen,60,80,40,40,mai,juillet,jaune ou blanc,,1,1,0,0,0,0,0,0,0,0,0,chaude|neutre,1,0,0,0,0,0,0,,,,,,,,,,livre_complet,49,,,extrait_structuré,lots_1_a_5
61,Aquilegia,Ancolie,Aquilegia flabellata,flabellata,Renonculacées,vivace,1,1,0,0,0,1,0,0,0,0,0,0,0,0,moyen,15,25,25,30,avril,avril,bleu/blanc/lavande,,1,0,0,0,0,0,1,0,0,0,0,froide|neutre,0,1,1,0,1,0,0,,,,,,,,,,livre_complet,49,,,extrait_structuré,lots_1_a_5
62,Aquilegia,Ancolie,Aquilegia hybrides,hybrides,Renonculacées,vivace,1,1,0,0,0,1,0,0,0,0,0,0,0,0,moyen,40,100,40,40,avril,juin,coloris variés,,0,1,0,0,0,0,0,0,0,0,0,chaude,1,0,0,0,0,0,0,,,"Biedermeier, Blue Star, Crimson Star, Kristall, Mckana Hybrids, Musik.",,,,,,,livre_complet,50,,,extrait_structuré,lots_1_a_5
63,Aquilegia,Ancolie,Aquilegia vulgaris,vulgaris,Renonculacées,vivace,1,1,0,1,0,1,0,0,0,0,0,0,0,0,moyen,60,80,50,50,mai,juin,nombreux coloris,,0,1,0,0,0,0,0,0,0,0,0,chaude,1,0,0,0,0,0,0,,,Se ressème souvent seule.,,,,,,,livre_complet,50,,,extrait_structuré,lots_1_a_5
64,Arabis,Arabette,Arabis x arendsii,Compinkie,Brassicacées,vivace,1,1,0,0,0,0,0,0,0,1,0,0,0,0,faible,15,15,50,50,,,rose carmin,,0,0,0,1,1,0,0,0,0,0,0,chaude,0,1,1,0,0,0,0,,,,,,,,,,livre_complet,51,,,extrait_structuré,lots_1_a_5
65,Arabis,Arabette,Arabis blepharophylla,blepharophylla,Brassicacées,vivace,1,1,0,0,0,1,0,0,1,0,0,0,0,0,moyen,10,10,30,30,mars,avril,carmin parfumé,,0,0,0,1,0,0,0,0,0,0,0,chaude,0,0,1,0,1,0,0,,,,,,,,,,livre_complet,51,,,extrait_structuré,lots_1_a_5
66,Arabis,Corbeille d’argent,Arabis caucasica,caucasica,Brassicacées,vivace,1,1,0,0,0,0,0,0,0,1,0,0,0,0,faible,15,20,50,50,avril,mai,blanc ou rose selon variété,,1,0,0,0,1,0,0,0,0,0,0,chaude|neutre,0,1,1,0,0,0,0,,,,,,,,,,livre_complet,51,,,extrait_structuré,lots_1_a_5
67,Arabis,Arabette,Arabis ferdinandi-coburgii,Variegata,Brassicacées,vivace,1,1,0,0,0,0,0,0,0,1,0,0,0,0,faible,10,10,30,30,mai,mai,blanc,,1,0,0,0,0,0,0,0,0,0,0,neutre,0,0,1,0,1,0,0,,,,,,,,,,livre_complet,51,,,extrait_structuré,lots_1_a_5
68,Arabis,Arabette,Arabis procurrens,procurrens,Brassicacées,couvre-sol,1,1,0,0,0,0,0,0,0,0,0,0,0,1,faible,10,10,30,40,avril,avril,blanc,,1,0,0,0,0,0,0,0,0,0,0,neutre,0,0,0,0,0,1,0,,,,,,,,,,livre_complet,52,,,extrait_structuré,lots_1_a_5
69,Arctanthemum,Arctanthème,Arctanthemum arcticum,arcticum,Astéracées,vivace,1,0,0,0,1,1,0,0,0,0,0,0,0,0,moyen,30,30,50,50,août,octobre,"blanc, jaune, rose",,1,1,0,0,1,0,0,0,0,0,0,chaude|neutre,1,1,1,0,0,0,0,,,,,,,,,,livre_complet,52,,,extrait_structuré,lots_1_a_5
70,Arenaria,Sabline,Arenaria montana,montana,Caryophyllacées,vivace,1,1,0,0,0,0,0,0,0,1,0,0,0,0,faible,10,15,40,50,mai,juin,blanc,,1,0,0,0,0,0,0,0,0,0,0,neutre,0,1,1,0,0,0,0,,,,,,,,,,livre_complet,52,,,extrait_structuré,lots_1_a_5
71,Argyranthemum,Argyranthème,Argyranthemum frutescens,frutescens,Astéracées,vivace peu rustique,1,0,0,0,0,0,0,0,0,1,0,0,0,0,moyen,60,100,60,60,,,"blanc, jaune, rose",,1,1,0,0,1,0,0,0,0,0,0,chaude|neutre,1,0,0,0,1,0,0,,,Plutôt pour climat doux ou culture en pot à abriter l’hiver.,-5,,,,,,livre_complet,52,,déduit du livre (mention climat doux ou peu rustique),extrait_structuré,lots_1_a_5
72,Armeria,Gazon d’Espagne,Armeria juniperifolia,juniperifolia / A. caespitosa,Plumbaginacées,vivace,1,1,0,0,1,0,0,0,0,1,0,0,0,1,,5,7,20,30,avril,mai,rose clair,,0,0,0,0,1,0,0,0,0,0,0,chaude,0,0,1,0,1,0,0,,,Rosette dense; sol maigre et bien perméable.,,,,,,,livre_complet,53,,,extrait_structuré,lots_1_a_5
73,Armeria,Gazon d’Espagne,Armeria maritima,maritima,Plumbaginacées,vivace,1,1,0,0,1,0,0,0,0,1,0,0,0,0,,20,20,40,40,mai,juin,"blanc, rose, rouge carmin",,1,0,0,1,1,0,0,0,0,0,0,chaude|neutre,0,1,1,0,0,0,0,,,"Forme des coussins; bord de massif, dallage fleuri.",,,,,,,livre_complet,53,,,extrait_structuré,lots_1_a_5
74,Armeria,Gazon d’Espagne,Armeria pseudarmeria,pseudarmeria,Plumbaginacées,vivace,1,1,0,0,1,0,0,0,0,1,0,0,0,0,,30,30,40,40,juin,août,"rose lilacé, rose rougeâtre",,0,0,0,1,1,0,0,0,0,0,0,chaude,1,1,0,0,0,0,1,,Rajeunir tous les 2 ou 3 ans.,,,,,,,,livre_complet,53,,,extrait_structuré,lots_1_a_5
75,Arnica,Arnica,Arnica montana,montana,Astéracées,vivace,1,0,0,0,0,1,0,0,0,1,0,0,0,1,,40,40,40,40,mai,juillet,jaune orangé,,0,1,1,0,0,0,0,0,0,0,0,chaude,0,0,1,0,0,0,0,,,Plante de prairie alpine; sol non calcaire.,,,,,,,livre_complet,54,,,extrait_structuré,lots_1_a_5
76,Artemisia,Armoise,Artemisia abrotanum,abrotanum,Astéracées,vivace arbustive,1,1,0,0,1,0,0,0,0,1,1,0,0,0,,120,120,100,100,juillet,septembre,jaunâtre discret,gris argenté,0,0,0,0,0,0,0,0,0,0,1,froide,1,0,0,0,0,0,0,,,Plante aromatique; rabattre en fin d’automne.,,,,,,,livre_complet,54,,,extrait_structuré,lots_1_a_5
77,Artemisia,Absinthe,Artemisia absinthium,absinthium,Astéracées,vivace arbustive,1,1,0,0,1,0,0,0,0,1,1,0,0,0,,120,120,100,100,juillet,septembre,jaunâtre discret,argenté,0,0,0,0,0,0,0,0,0,0,1,froide,1,0,0,0,0,0,0,,,Pousse aussi en sol argileux et calcaire.,,,,,,,livre_complet,54,,,extrait_structuré,lots_1_a_5
78,Artemisia,Armoise,Artemisia arborescens,arborescens,Astéracées,arbuste vivace,1,0,0,0,1,0,0,0,0,1,0,0,0,0,,100,140,100,100,juin,août,grisâtre rare,gris argenté,0,0,0,0,0,0,0,0,0,0,1,froide,1,0,0,0,0,0,0,,,Protéger des grands froids.,,,,,,,livre_complet,54,,,extrait_structuré,lots_1_a_5
79,Artemisia,Armoise,Artemisia canescens,canescens,Astéracées,vivace,1,1,0,0,1,0,0,0,0,0,0,0,0,0,,50,50,60,60,juin,août,blanchâtre discret,gris argenté,1,0,0,0,0,0,0,0,0,0,1,froide|neutre,1,0,1,0,0,0,0,,,Très décorative pour massif très sec.,,,,,,,livre_complet,54,,,extrait_structuré,lots_1_a_5
80,Artemisia,Armoise,Artemisia lactiflora,lactiflora,Astéracées,vivace,1,1,0,0,0,1,0,0,0,0,0,0,1,0,,120,150,100,100,juillet,septembre,blanc laiteux,vert clair,1,0,0,0,0,0,0,1,0,0,0,froide|neutre,1,0,0,0,0,0,0,,,"Aime sol humifère, riche et frais; rabattre en automne.",,,,,,,livre_complet,55,,,extrait_structuré,lots_1_a_5
81,Artemisia,Armoise,Artemisia ludoviciana,ludoviciana / Silver Queen,Astéracées,vivace,1,0,0,0,1,0,0,0,0,1,0,0,0,0,,50,80,60,60,juillet,août,jaunâtre,gris argenté,0,0,0,0,0,0,0,0,0,0,1,froide,1,0,0,0,0,0,0,,Rabattre en automne ou au printemps.,,,,,,,,livre_complet,55,,,extrait_structuré,lots_1_a_5
82,Artemisia,Armoise romaine,Artemisia pontica,pontica,Astéracées,vivace,1,0,0,0,1,0,0,0,0,1,0,0,0,0,,60,80,60,60,juin,août,jaunâtre,vert clair grisâtre,0,0,0,0,0,0,0,1,0,0,1,froide,1,0,0,0,0,0,0,,,Tolère sol caillouteux; garniture d’étendues sableuses.,,,,,,,livre_complet,55,,,extrait_structuré,lots_1_a_5
83,Artemisia,Armoise,Artemisia schmidtiana,Nana,Astéracées,vivace,1,0,0,0,1,0,0,0,0,1,0,0,0,0,,20,20,40,40,juin,août,blanchâtre,argenté,1,0,0,0,0,0,0,0,0,0,1,froide|neutre,0,0,1,0,1,0,0,,,Se plaît bien en sol sableux.,,,,,,,livre_complet,55,,,extrait_structuré,lots_1_a_5
84,Artemisia,Armoise,Artemisia stelleriana,stelleriana,Astéracées,vivace,1,0,0,0,1,0,0,0,0,1,0,0,0,0,,40,50,50,50,juillet,août,jaunâtre,blanc argenté,1,0,0,0,0,0,0,0,0,0,1,froide|neutre,0,1,1,0,0,0,0,,,Rameaux tomenteux argentés.,,,,,,,livre_complet,55,,,extrait_structuré,lots_1_a_5
85,Arum,Gouet,Arum italicum,italicum,Aracées,vivace,1,1,0,0,0,1,0,0,0,0,0,0,1,0,,30,30,50,50,avril,avril,blanc verdâtre,vert veiné,1,0,0,0,0,0,0,1,0,0,0,froide|neutre,1,0,0,0,0,0,0,,,Fruits rouges en automne; sous-bois ou lisière.,,,,,,,livre_complet,56,,,extrait_structuré,lots_1_a_5
86,Aruncus,Barbe-de-bouc,Aruncus aethusifolius,aethusifolius,Rosacées,vivace,1,1,0,0,0,1,1,0,0,0,0,0,0,0,,30,40,40,50,mai,juin,crème,,0,0,0,0,0,0,0,0,0,1,0,neutre,1,0,1,0,0,0,0,,,Décoration de sous-bois et joints frais.,,,,,,,livre_complet,56,,,extrait_structuré,lots_1_a_5
87,Aruncus,Barbe-de-bouc,Aruncus dioicus,dioicus,Rosacées,vivace,1,1,0,0,0,1,1,0,0,0,0,0,0,0,,100,150,100,100,juin,juillet,"crème, blanc",,1,0,0,0,0,0,0,0,0,1,0,neutre,1,0,0,1,0,0,1,,,"Massif, sous-bois ou bord de pièce d’eau.",,,,,,,livre_complet,57,,,extrait_structuré,lots_1_a_5
88,Asarina,Asarina,Asarina procumbens,procumbens,Scrophulariacées,vivace tapissante,1,1,0,1,1,0,0,0,0,1,0,0,0,0,,15,20,50,50,juin,septembre,jaune clair,,0,1,0,0,0,0,0,0,0,0,0,chaude,0,0,1,0,1,0,0,,,"Murets, cailloutis, pieds de murs; sol non calcaire pas trop sec.",,,,,,,livre_complet,57,,,extrait_structuré,lots_1_a_5
89,Asarum,Asaret,Asarum europaeum,europaeum,Aristolochiacées,couvre-sol,1,1,0,1,0,1,0,0,0,0,0,0,1,0,,5,10,30,30,avril,juin,brunâtre,vert foncé luisant,0,0,0,0,0,0,0,1,0,0,0,froide,0,0,0,0,0,1,0,,,Garniture sous les feuillus; installation lente mais sûre.,,,,,,,livre_complet,57,,,extrait_structuré,lots_1_a_5
90,Asclepias,Asclépiade,Asclepias incarnata,incarnata,Asclépiadacées,vivace,1,0,0,0,0,1,1,0,0,1,0,0,0,0,,120,120,60,60,juin,août,"rose, rouge ou blanc",,1,0,0,1,1,0,0,0,0,0,0,chaude|neutre,1,0,0,1,0,0,0,,,Près d’une pièce d’eau; parfum de vanille.,,,,,,,livre_complet,57,,,extrait_structuré,lots_1_a_5
91,Asclepias,Herbe aux perruches,Asclepias syriaca,syriaca,Asclépiadacées,vivace,1,0,0,0,0,0,0,0,0,0,0,0,0,0,,150,150,100,100,juin,août,blanc rosé,,1,0,0,0,1,0,0,0,0,0,0,chaude|neutre,1,0,0,0,0,0,0,,,Complément de grands arbustes; graines soyeuses.,,,,,,,livre_complet,58,,,extrait_structuré,lots_1_a_5
92,Asclepias,Asclépiade tubéreuse,Asclepias tuberosa,tuberosa,Asclépiadacées,vivace,1,0,0,0,0,0,0,0,0,1,0,0,0,0,,60,80,50,50,juin,août,"orange, vermillon",,0,1,1,1,0,0,0,0,0,0,0,chaude,1,0,0,0,0,0,1,,,Bonne fleur à couper.,,,,,,,livre_complet,58,,,extrait_structuré,lots_1_a_5
93,Asphodeline,Bâton de Jacob,Asphodeline lutea,lutea,Liliacées,vivace,1,0,0,0,0,0,0,0,0,1,0,0,1,0,,80,100,40,40,avril,mai,jaune,,0,1,0,0,0,0,0,0,0,0,0,chaude,1,0,0,0,0,0,0,,,Jolie en association avec la pierre.,,,,,,,livre_complet,58,,,extrait_structuré,lots_1_a_5
94,Asphodelus,Asphodèle,Asphodelus albus,albus,Liliacées,vivace,1,0,0,0,0,1,0,0,0,0,0,0,1,0,,100,100,60,60,mai,juin,blanc brunâtre,,1,0,0,0,0,0,0,0,0,0,0,neutre,1,0,0,0,0,0,0,,,Bel ornement des massifs et scènes naturelles.,,,,,,,livre_complet,59,,,extrait_structuré,lots_1_a_5
95,Aster,Aster de printemps,Aster x alpellus,Triumph,Astéracées,vivace,1,1,0,0,0,0,0,0,1,1,1,0,0,0,,20,20,40,40,printemps,printemps,bleu violacé,,0,0,0,0,0,1,1,0,0,0,0,froide,0,0,1,0,0,0,0,,,"Florifère; rocaille, dallage.",,,,,,,livre_complet,59,,,extrait_structuré,lots_1_a_5
96,Aster,Aster alpin,Aster alpinus,alpinus,Astéracées,vivace,1,1,0,0,0,0,0,0,1,1,1,0,0,0,,20,40,40,40,avril,mai,"bleu, blanc, rose",,1,0,0,0,1,0,1,0,0,0,0,chaude|froide|neutre,1,0,1,0,0,0,0,,,Premier plan des massifs.,,,,,,,livre_complet,59,,,extrait_structuré,lots_1_a_5
97,Aster,Aster,Aster tongolensis,tongolensis,Astéracées,vivace,1,1,0,0,0,0,0,0,1,1,0,0,0,0,,30,40,40,50,mai,juin,bleu violacé,,0,0,0,0,0,1,1,0,0,0,0,froide,1,1,1,0,0,0,0,,,,,,,,,,livre_complet,59,,,extrait_structuré,lots_1_a_5
98,Aster,Œil de Christ,Aster amellus,amellus,Astéracées,vivace,1,0,0,0,0,0,0,0,1,1,1,0,0,0,,30,60,40,60,juillet,septembre,"bleu, violet, rose",,0,0,0,0,1,1,1,0,0,0,0,chaude|froide,1,0,0,0,0,0,0,,,Massif ensoleillé; sol léger bien drainé.,,,,,,,livre_complet,60,,,extrait_structuré,lots_1_a_5
99,Aster,Aster,Aster x frikartii,x frikartii,Astéracées,vivace,1,0,0,1,0,0,0,0,0,1,0,0,0,0,,70,100,50,60,août,septembre,"bleu lilacé, bleu clair",,0,0,0,0,0,0,1,0,0,0,0,froide,1,0,0,0,0,0,1,,Rajeunir tous les 2 ou 3 ans.,,,,,,,,livre_complet,60,,,extrait_structuré,lots_1_a_5
100,Aster,Aster,Aster linosyris,linosyris,Astéracées,vivace,1,0,0,1,1,0,0,0,0,0,0,1,0,0,,60,60,40,40,août,septembre,jaune d’or,,0,1,0,0,0,0,0,0,0,0,0,chaude,1,0,0,0,0,0,0,,,Sol ordinaire même sec ou sablonneux acide.,,,,,,,livre_complet,60,,,extrait_structuré,lots_1_a_5
101,Aster,Aster,Aster pyrenaeus,Lutetia,Astéracées,vivace,1,0,0,0,0,1,0,0,0,0,0,0,0,0,,60,80,60,60,août,septembre,bleu lilacé pâle,,0,0,0,0,0,0,1,0,0,0,0,froide,1,0,0,0,0,0,1,,,,,,,,,,livre_complet,61,,,extrait_structuré,lots_1_a_5
102,Aster,Aster,Aster sedifolius,Nanus,Astéracées,vivace,1,0,0,0,1,0,0,0,0,0,0,0,0,0,,40,40,50,50,août,septembre,bleu lilacé,,0,0,0,0,0,0,1,0,0,0,0,froide,1,0,0,0,0,0,0,,,"Très florifère; jardin de landes, sol ordinaire même sec.",,,,,,,livre_complet,61,,,extrait_structuré,lots_1_a_5
103,Aster,Aster d’automne,Aster cordifolius,Ideal,Astéracées,vivace,1,0,0,0,0,1,0,0,0,0,0,0,0,0,,100,100,60,60,août,septembre,bleu à bleu violacé,,0,0,0,0,0,1,1,0,0,0,0,froide,1,0,0,0,0,0,0,,,"Massif en sol ordinaire, si possible pas trop sec.",,,,,,,livre_complet,61,,,extrait_structuré,lots_1_a_5
104,Aster,Aster d’automne,Aster dumosus,dumosus group,Astéracées,vivace,1,0,0,0,0,1,0,0,0,0,0,0,0,0,,30,60,50,60,août,octobre,"rose, rouge pourpré, bleu violacé, blanc",,1,0,0,1,1,1,1,0,0,0,0,chaude|froide|neutre,1,1,0,0,0,0,0,,Rajeunir régulièrement tous les 2 ou 3 ans.,,,,,,,,livre_complet,61-62,,,extrait_structuré,lots_1_a_5
105,Aster,Aster,Aster ericoides,ericoides,Astéracées,vivace,1,0,0,0,1,0,0,0,0,0,0,0,0,0,,80,120,60,60,septembre,novembre,"blanc, bleu pâle, rose clair",,1,0,0,0,1,0,1,0,0,0,0,chaude|froide|neutre,1,0,0,0,0,0,1,,,Fond de massif; espèce résistante au sec.,,,,,,,livre_complet,62,,,extrait_structuré,lots_1_a_5
106,Azorella,Azorelle,Azorella trifurcata,trifurcata / Nana,Apiacées,vivace couvre-sol,1,1,0,1,1,1,0,0,0,0,0,0,1,0,,5,5,40,40,mai,juin,jaune verdâtre,vert ferme,0,1,0,0,0,0,0,1,0,0,0,chaude|froide,0,0,1,0,0,1,0,,,"Tapis régulier, sol humifère frais à modérément sec.",,,,,,,livre_complet,74,,,extrait_structuré,lots_1_a_5
107,Ballota,Ballote,Ballota pseudodictamnus,pseudodictamnus,Lamiacées,vivace,1,0,0,0,1,0,0,0,0,1,0,0,0,1,,50,50,,,juillet,septembre,insignifiant,gris argenté,0,0,0,0,0,0,0,0,0,0,1,froide,1,0,1,0,0,0,0,,,"Feuillage décoratif; sol maigre et poreux, plein soleil.",,,,,,,livre_complet,74,,,extrait_structuré,lots_1_a_5
108,Baptisia,Lupin indigo,Baptisia australis,australis,Fabacées,vivace,1,0,0,0,1,1,0,0,1,0,0,0,0,0,,100,150,60,100,juillet,août,bleu,bleuté,0,0,0,0,0,0,1,0,0,0,1,froide,1,0,0,0,0,0,0,,,"Feuillage durable jusqu’à l’automne; sol meuble, frais ou passagèrement sec.",,,,,,,livre_complet,74,,,extrait_structuré,lots_1_a_5
109,Begonia,Bégonia,Begonia grandis,grandis / B. evansiana,Bégoniacées,vivace,0,1,0,0,0,1,0,0,1,0,0,0,1,0,,50,50,50,50,juillet,gelées,rose vif ou blanc,,1,0,0,0,1,0,0,0,0,0,0,chaude|neutre,1,0,0,0,0,0,0,,,Massif abrité mi-ombragé; protection hivernale par feuilles sèches.,,,,,,,livre_complet,75,,,extrait_structuré,lots_1_a_5
110,Begonia,Bégonia,Begonia sutherlandii,sutherlandii,Bégoniacées,vivace,0,1,0,0,0,0,0,0,0,0,0,0,0,0,,30,40,40,40,juin,automne,orange cuivré,,0,1,1,0,0,0,0,0,0,0,0,chaude,0,0,1,0,0,0,0,,,Pied d’un mur bien exposé en situation mi-ombragée.,,,,,,,livre_complet,75,,,extrait_structuré,lots_1_a_5
111,Belamcanda,Belamcanda,Belamcanda chinensis,chinensis,Iridacées,vivace,1,0,0,0,1,0,0,0,0,1,0,0,0,0,,60,60,50,50,juillet,août,orange ou cuivré ponctué rouge-brun,,0,1,1,1,0,0,0,0,0,0,0,chaude,1,0,1,0,0,0,1,,,Sol sec bien drainé; fruits décoratifs noirs.,,,,,,,livre_complet,75,,,extrait_structuré,lots_1_a_5
112,Bellis,Pâquerette,Bellis perennis,perennis,Astéracées,bisannuelle à vivace,1,1,0,0,0,0,0,0,0,0,0,0,0,0,,10,15,25,30,mars,juin,"blanc, rose, rouge foncé",,1,0,0,1,1,0,0,0,0,0,0,chaude|neutre,1,1,1,0,0,0,0,,Rajeunir tous les 2 ou 3 ans.,,,,,,,,livre_complet,75,,,extrait_structuré,lots_1_a_5
113,Bergenia,Bergénia,Bergenia ciliata,ciliata,Saxifragacées,vivace,1,1,1,0,1,0,1,0,0,0,0,0,0,0,,30,30,50,50,mars,avril,rose clair,,0,0,0,0,1,0,0,0,0,0,0,chaude,1,0,1,0,0,0,0,,,Installer en situation abritée; craint les gels tardifs.,,,,,,,livre_complet,75,,,extrait_structuré,lots_1_a_5
114,Bergenia,Bergénia,Bergenia cordifolia,cordifolia,Saxifragacées,vivace,1,1,1,0,1,0,1,0,0,0,0,0,0,0,,40,40,50,50,avril,mai,"rose clair, rose malvacé",vert brun à l’hiver,0,0,0,0,1,0,0,1,0,0,0,chaude|froide,1,1,0,0,0,1,0,,,Excellent couvre-sol.,,,,,,,livre_complet,76,,,extrait_structuré,lots_1_a_5
115,Bergenia,Bergénia,Bergenia crassifolia,crassifolia / hybrides,Saxifragacées,vivace,1,1,1,0,0,0,0,0,0,0,0,0,0,0,,20,40,50,50,mars,mai,"rose, blanc, saumon, rouge",vert à brun pourpré,1,0,0,1,1,0,0,1,1,0,0,chaude|froide|neutre,1,0,1,0,0,1,0,,,"Variétés: Abendglut, Baby Doll, Bressingham White, Silberlicht.",,,,,,,livre_complet,76,,,extrait_structuré,lots_1_a_5
116,Bletilla,Bletilla,Bletilla striata,striata,Orchidacées,vivace bulbeuse,1,0,0,0,0,0,0,0,0,1,0,0,1,0,,40,40,40,40,mai,juin,rose carmin,,0,0,0,1,1,0,0,0,0,0,0,chaude,1,0,1,0,1,0,0,Disposer le pseudo-bulbe à 10/15 cm de profondeur.,,,,,caduc,,,,livre_complet,77,,déduit du livre (catégorie bulbeuse/tubéreuse),extrait_structuré,lots_1_a_5
117,Boltonia,Boltonia,Boltonia asteroides,asteroides / Nana,Astéracées,vivace,1,0,0,0,1,1,0,0,0,0,0,0,0,0,,90,200,60,80,juillet,août,blanc à cœur jaune,,1,1,0,0,0,0,0,0,0,0,0,chaude|neutre,1,0,0,0,0,0,1,,,Arrière-plan des massifs; plante sûre et robuste.,,,,,,,livre_complet,77,,,extrait_structuré,lots_1_a_5
118,Boykinia,Boykinia,Boykinia jamesii,jamesii,Saxifragacées,vivace,0,1,0,1,0,1,0,0,0,0,0,0,1,0,,15,15,30,30,avril,mai,rose rougeâtre,,0,0,0,1,1,0,0,0,0,0,0,chaude,0,0,1,0,0,0,0,,,"Sol humifère et nutritif, sans calcaire, à l’abri du soleil.",,,,,,,livre_complet,77,,,extrait_structuré,lots_1_a_5
119,Boykinia,Boykinia,Boykinia rotundifolia,rotundifolia,Saxifragacées,vivace couvre-sol,0,1,1,1,0,1,0,0,0,0,0,0,0,0,,60,90,50,50,juin,juillet,blanchâtre,,1,0,0,0,0,0,0,0,0,0,0,neutre,0,0,0,0,0,1,0,,,Bon couvre-sol en situation ombragée ou mi-ombragée.,,,,,,,livre_complet,77,,,extrait_structuré,lots_1_a_5
120,Brunnera,Myosotis du Caucase,Brunnera macrophylla,macrophylla / Langtrees / Variegata,Boraginacées,vivace couvre-sol,1,1,0,0,0,1,0,1,0,0,0,0,0,0,,40,40,50,50,mars,avril,bleu lumineux,"vert, parfois argenté ou panaché",0,0,0,0,0,0,1,1,0,0,1,froide,1,0,0,0,0,1,0,,,"Massif ombragé, pied d’arbustes ou sous arbres.",,,,,,,livre_complet,77,,,extrait_structuré,lots_1_a_5
121,Buglossoides,Grémil rouge-bleu,Buglossoides purpurocaerulea,purpurocaerulea,Boraginacées,sous-arbrisseau couvre-sol,1,1,0,0,1,0,0,0,0,0,1,0,0,0,,40,40,50,50,mai,juin,"bleu gentiane, boutons rougeâtres",,0,0,0,1,0,0,1,0,0,0,0,chaude|froide,0,0,0,0,0,1,0,,,"Grand tapis en sols secs et calcaires, devant grands arbustes.",,,,,,,livre_complet,78,,,extrait_structuré,lots_1_a_5
122,Buphthalmum,Œil de bœuf,Buphthalmum salicifolium,salicifolium,Astéracées,vivace,1,0,0,0,1,1,0,0,0,0,0,0,0,0,,50,50,50,50,juin,septembre,jaune d’or,,0,1,0,0,0,0,0,0,0,0,0,chaude,1,0,0,0,0,0,1,,,"Peu exigeant, florifère.",,,,,,,livre_complet,78,,,extrait_structuré,lots_1_a_5
123,Calamintha,Calament,Calamintha grandiflora,grandiflora / Variegata,Lamiacées,vivace aromatique,1,1,0,0,0,0,0,0,1,1,0,0,0,0,,20,30,30,40,juin,août,rose carmin,,0,0,0,1,1,0,0,0,0,0,0,chaude,1,0,1,0,0,0,0,,,Sol léger et bien drainé.,,,,,,,livre_complet,78,,,extrait_structuré,lots_1_a_5
124,Calamintha,Calament,Calamintha nepeta,nepeta,Lamiacées,vivace aromatique,1,1,0,0,1,0,0,0,0,0,0,0,0,0,,30,40,50,50,juin,septembre,blanc ou lilacé,,1,0,0,0,0,0,0,0,0,0,0,neutre,1,0,1,0,0,0,0,,,Massif et rocaille secs en plein soleil.,,,,,,,livre_complet,78,,,extrait_structuré,lots_1_a_5
125,Calceolaria,Calcéolaire,Calceolaria integrifolia,integrifolia,Scrophulariacées,arbuste annuel peu rustique,1,1,0,0,0,0,0,0,0,0,0,1,0,0,,50,50,20,30,juin,gelées,jaune,,0,1,0,0,0,0,0,0,0,0,0,chaude,1,0,0,0,1,0,0,,,Situation chaude; potée ou bac.,-5,,,,,,livre_complet,79,,déduit du livre (mention climat doux ou peu rustique),extrait_structuré,lots_1_a_5
126,Callirhoe,Mauve-Pavot,Callirhoe involucrata,involucrata,Malvacées,vivace,1,1,0,1,1,0,0,0,0,1,0,0,0,1,,15,20,20,20,juillet,septembre,"rose carminé, blanc au cœur",,1,0,0,1,1,0,0,0,0,0,0,chaude|neutre,0,0,1,0,1,0,0,,,Terres maigres et caillouteuses; craint humidité stagnante.,,,,,,,livre_complet,79,,,extrait_structuré,lots_1_a_5
127,Campanula,Campanule barbue,Campanula barbata,barbata,Campanulacées,bisannuelle/vivace,1,0,0,1,0,0,0,0,0,0,0,0,0,0,,20,20,25,25,juin,juillet,"bleu clair, violacé",,0,0,0,0,0,1,1,0,0,0,0,froide,0,0,1,0,1,0,0,,,Au soleil en terre non calcaire.,,,,,,,livre_complet,79,,,extrait_structuré,lots_1_a_5
128,Campanula,Campanule,Campanula 'Birch hybrid',Birch hybrid,Campanulacées,vivace,1,1,0,0,0,0,0,0,0,0,0,0,0,0,,15,15,,,mai,juillet,bleu violacé,,0,0,0,0,0,1,1,0,0,0,0,froide,0,1,1,0,1,0,0,,,Remonte en septembre.,,,,,,,livre_complet,79,,,extrait_structuré,lots_1_a_5
129,Campanula,Campanule des Carpates,Campanula carpatica,carpatica / Blue Clips / White Clips,Campanulacées,vivace,1,1,0,0,0,0,0,0,0,0,0,0,0,0,,20,20,40,40,juin,septembre,bleu ou blanc,,1,0,0,0,0,0,1,0,0,0,0,froide|neutre,0,1,1,0,0,0,0,,,Accepte tous les sols sauf imperméables.,,,,,,,livre_complet,80,,,extrait_structuré,lots_1_a_5
130,Campanula,Campanule des Carpates,Campanula carpatica var. turbinata,turbinata,Campanulacées,vivace,1,1,0,0,0,0,0,0,0,0,0,0,0,0,,10,20,40,40,juin,septembre,bleu violacé,,0,0,0,0,0,1,1,0,0,0,0,froide,0,1,1,0,0,0,0,,,,,,,,,,livre_complet,80,,,extrait_structuré,lots_1_a_5
131,Campanula,Campanule fluette,Campanula cochleariifolia,cochleariifolia / Alba / Elizabeth Oliver,Campanulacées,vivace couvre-sol,1,0,0,0,0,0,0,0,0,1,0,0,0,0,,5,10,40,40,juin,août,bleu ou blanc,,1,0,0,0,0,0,1,0,0,0,0,froide|neutre,0,0,1,0,1,1,0,,,Colonise rapidement les interstices entre pierres.,,,,,,,livre_complet,80,,,extrait_structuré,lots_1_a_5
132,Campanula,Campanule,Campanula collina,collina,Campanulacées,vivace tapissante,1,1,0,0,1,0,0,0,0,0,0,0,0,0,,20,20,40,40,mai,juin,bleu violacé,,0,0,0,0,0,1,1,0,0,0,0,froide,0,0,1,0,1,0,0,,,,,,,,,,livre_complet,80,,,extrait_structuré,lots_1_a_5
133,Campanula,Campanule,Campanula garganica,garganica / Dickson's Gold,Campanulacées,vivace,1,1,0,1,0,0,0,0,0,0,0,0,0,0,,15,15,40,40,juin,juillet,"bleu clair, blanc",jaune lumineux possible,1,1,0,0,0,0,1,0,0,0,0,chaude|froide|neutre,0,0,1,0,1,0,0,,,Craint le plein soleil pour certains feuillages dorés.,,,,,,,livre_complet,80,,,extrait_structuré,lots_1_a_5
134,Campanula,Campanule des murs,Campanula portenschlagiana,portenschlagiana / C. muralis,Campanulacées,vivace,1,1,0,0,0,0,0,0,0,0,0,0,0,0,,10,10,40,40,mai,juillet,bleu violacé,,0,0,0,0,0,1,1,0,0,0,0,froide,0,1,1,0,1,0,0,,,Remonte en septembre; très robuste et florifère.,,,,,,,livre_complet,80,,,extrait_structuré,lots_1_a_5
135,Campanula,Campanule,Campanula poscharskyana,poscharskyana / Blau­ranke / E.H. Frost / Stella,Campanulacées,vivace couvre-sol,1,0,0,0,0,0,0,0,0,0,0,0,0,0,,15,20,50,50,mai,juillet,"bleu lavande, blanc ou rose",,1,0,0,0,1,0,1,0,0,0,0,chaude|froide|neutre,1,0,0,0,1,1,0,,,Convient aussi en suspension; remonte en septembre.,,,,,,,livre_complet,82,,,extrait_structuré,lots_1_a_5
136,Campanula,Campanule ponctuée,Campanula punctata,punctata,Campanulacées,vivace,1,0,0,1,1,0,0,0,1,0,0,0,0,0,,20,30,50,50,juin,juillet,blanc crème ponctué rougeâtre,,1,0,0,1,0,0,0,0,0,1,0,chaude|neutre,1,0,0,0,0,0,0,,,Sol léger ou sableux en situation ensoleillée.,,,,,,,livre_complet,82,,,extrait_structuré,lots_1_a_5
137,Campanula,Campanule élevée,Campanula alliariifolia,alliariifolia,Campanulacées,vivace,1,1,0,0,1,1,0,0,0,0,0,0,0,0,,60,60,60,60,juin,juillet,blanc,,1,0,0,0,0,0,0,0,0,0,0,neutre,1,0,0,0,0,0,0,,,Espèce robuste pour massif ou scènes naturelles.,,,,,,,livre_complet,82,,,extrait_structuré,lots_1_a_5
138,Campanula,Campanule,Campanula burghaltii,burghaltii,Campanulacées,vivace,1,0,0,1,0,0,0,0,0,0,0,0,0,0,,60,60,50,50,juin,août,"grisâtre, lilacé",,0,0,0,0,0,0,0,0,0,0,1,froide,1,0,0,0,0,0,0,,,,,,,,,,livre_complet,84,,,extrait_structuré,lots_1_a_5
139,Campanula,Campanule,Campanula 'Elizabeth',Elizabeth / C. takesimana Elizabeth,Campanulacées,vivace,1,1,0,0,1,1,0,0,0,0,0,0,0,0,,50,60,50,50,juin,juillet,rose prononcé,,0,0,0,0,1,0,0,0,0,0,0,chaude,1,1,0,0,0,1,0,,,,,,,,,,livre_complet,84,,,extrait_structuré,lots_1_a_5
140,Campanula,Campanule agglomérée,Campanula glomerata,glomerata / Alba / Acaulis / Speciosa,Campanulacées,vivace,1,1,0,0,0,0,0,0,0,0,1,0,0,0,,20,60,40,40,juin,août,"violet foncé, blanc",,1,0,0,0,0,1,0,0,0,0,0,froide|neutre,1,0,0,0,0,0,0,,,Se plaît aussi en sol calcaire.,,,,,,,livre_complet,84,,,extrait_structuré,lots_1_a_5
141,Campanula,Campanule lactiflore,Campanula lactiflora,lactiflora / Loddon Anna / Pouffe / Prichard's Variety / White Pouffe,Campanulacées,vivace,1,1,0,1,0,1,0,0,0,0,0,0,1,0,,40,150,50,60,juin,août,"bleu lilacé, rose lilacé, blanc",,1,0,0,0,1,0,1,0,0,0,0,chaude|froide|neutre,1,0,0,0,0,0,0,,,"Massif en sol riche, de préférence frais.",,,,,,,livre_complet,84-85,,,extrait_structuré,lots_1_a_5
142,Campanula,Campanule,Campanula latifolia var. macrantha,latifolia var. macrantha / Alba,Campanulacées,vivace,1,1,0,0,0,1,0,0,0,0,0,0,1,0,,120,120,60,60,juin,août,bleu violacé foncé ou blanc,,1,0,0,0,0,1,1,0,0,0,0,froide|neutre,1,0,0,0,0,0,1,,,"Sol consistant, riche; soleil si humidité suffisante.",,,,,,,livre_complet,85,,,extrait_structuré,lots_1_a_5
143,Campanula,Campanule à feuilles de pêcher,Campanula persicifolia,persicifolia / Alba / Boule de Neige / Hidcote Amethyst / Highcliffe / Percy Piper / Pride of Exmouth / Telham Beauty,Campanulacées,vivace,1,0,0,0,1,0,0,1,0,0,0,0,0,0,,50,90,50,50,juin,août,"blanc, bleu, bleu lavande, mauve, violet",,1,0,0,0,0,1,1,0,0,0,0,froide|neutre,1,0,0,0,0,0,0,,,Massif en sol ordinaire pas trop sec; supporte aussi sol consistant limoneux.,,,,,,,livre_complet,85,,,extrait_structuré,lots_1_a_5
144,Campanula,Campanule,Campanula persicifolia var. sessiliflora,persicifolia var. sessiliflora,Campanulacées,vivace,1,1,0,0,0,0,0,0,0,0,0,0,0,0,,100,100,60,60,juin,juillet,bleu clair,,0,0,0,0,0,0,1,0,0,0,0,froide,1,0,0,0,0,0,1,,,,,,,,,,livre_complet,86,,,extrait_structuré,lots_1_a_5
145,Campanula,Campanule pyramidale,Campanula pyramidalis,pyramidalis / Alba,Campanulacées,vivace,1,0,0,0,1,0,0,0,0,0,0,0,0,0,,150,150,60,60,juin,juillet,bleu clair ou blanc,,1,0,0,0,0,0,1,0,0,0,0,froide|neutre,1,0,0,0,0,0,0,,,Rabattre en fin de floraison pour assurer la survie de la souche.,,,,,,,livre_complet,86,,,extrait_structuré,lots_1_a_5
146,Campanula,Campanule,Campanula sarmatica,sarmatica,Campanulacées,vivace,1,0,0,1,1,0,0,0,0,1,0,0,0,0,,40,50,40,40,juin,juillet,bleu pâle,,0,0,0,0,0,0,1,0,0,0,0,froide,1,0,0,0,0,0,0,,,Espèce superbe mais trop peu utilisée.,,,,,,,livre_complet,86,,,extrait_structuré,lots_1_a_5
147,Campanula,Campanule,Campanula takesimana,takesimana,Campanulacées,vivace rhizomateuse,1,1,0,0,1,1,0,0,0,0,0,0,0,0,,50,60,50,50,juin,juillet,blanc rosé ponctué rose pourpré,,1,0,0,0,1,0,0,0,0,0,0,chaude|neutre,1,1,0,0,0,0,0,,,Extension importante.,,,,,,,livre_complet,86,,,extrait_structuré,lots_1_a_5
148,Campanula,Campanule gantelée,Campanula trachelium,trachelium / Alba,Campanulacées,vivace,0,1,0,0,1,0,0,0,0,0,0,0,0,0,,100,100,50,50,juillet,septembre,"bleu clair violacé, lilacé ou blanc",,1,0,0,0,0,1,1,0,0,0,0,froide|neutre,1,0,0,0,0,0,0,,,Supporte l’ombre sèche.,,,,,,,livre_complet,86,,,extrait_structuré,lots_1_a_5
149,Cardamine,Cardamine,Cardamine pratensis,Flore pleno / Plena,Brassicacées,vivace,0,1,0,1,0,1,1,1,0,0,0,0,0,0,,30,40,40,40,avril,juin,rose lilacé clair,,0,0,0,0,1,0,0,0,0,0,0,chaude,0,0,0,0,0,0,0,,,"Bord de pièce d’eau ou sous-bois clair, sol frais même argileux.",,,,,,,livre_complet,86,,,extrait_structuré,lots_1_a_5
150,Cardamine,Cardamine,Cardamine trifolia,trifolia,Brassicacées,vivace couvre-sol,0,1,0,1,0,1,1,0,0,0,0,0,0,0,,20,20,40,40,mai,juin,blanc laiteux,,1,0,0,0,0,0,0,0,0,0,0,neutre,0,0,1,0,0,1,0,,,,,,,,,,livre_complet,86,,,extrait_structuré,lots_1_a_5
151,Carlina,Carline,Carlina acaulis,acaulis / acaulis ssp. simplex,Astéracées,vivace de rocaille,1,0,0,0,1,0,0,0,0,0,1,0,0,1,,5,40,50,50,juillet,août,"argenté, blanc crème",vert foncé,1,0,0,0,0,0,0,1,0,1,1,froide|neutre,0,0,1,0,0,0,0,,,"Sol sec, caillouteux et calcaire.",,,,,,,livre_complet,86-87,,,extrait_structuré,lots_1_a_5
152,Catananche,Cupidone,Catananche caerulea,caerulea,Astéracées,vivace,1,0,0,0,1,0,0,0,0,0,1,0,0,1,,50,50,50,50,juin,septembre,"bleu à cœur noir, parfois blanc",,1,0,0,0,0,0,1,0,0,0,0,froide|neutre,1,0,1,0,0,0,1,,,,,,,,,,livre_complet,87,,,extrait_structuré,lots_1_a_5
153,Centaurea,Centaurée,Centaurea bella,bella,Astéracées,vivace,1,0,0,1,0,0,0,0,0,1,0,0,0,0,,20,20,30,30,juin,juillet,rose,,0,0,0,0,1,0,0,0,0,0,0,chaude,0,0,1,0,0,0,0,,,,,,,,,,livre_complet,87,,,extrait_structuré,lots_1_a_5
154,Centaurea,Centaurée,Centaurea dealbata,dealbata / Steenbergi,Astéracées,vivace,1,0,0,0,0,0,0,0,0,0,1,0,0,0,,60,80,60,60,juin,octobre,"rose lumineux, rose pourpré",,0,0,0,0,1,0,0,0,0,0,0,chaude,1,0,0,0,0,0,0,,,,,,,,,,livre_complet,87,,,extrait_structuré,lots_1_a_5
155,Centaurea,Centaurée,Centaurea hypoleuca,John Coutts,Astéracées,vivace,1,0,0,0,0,0,0,0,0,0,0,0,0,0,,50,50,50,50,juillet,octobre,rose vif à centre blanc,,1,0,0,0,1,0,0,0,0,0,0,chaude|neutre,1,1,0,0,0,0,0,,,,,,,,,,livre_complet,87,,,extrait_structuré,lots_1_a_5
156,Centaurea,Centaurée,Centaurea macrocephala,macrocephala,Astéracées,vivace,1,0,0,0,0,0,0,0,0,0,0,0,0,0,,120,120,60,60,juillet,août,jaune,,0,1,0,0,0,0,0,0,0,0,0,chaude,1,0,0,0,0,0,0,,,,,,,,,,livre_complet,89,,,extrait_structuré,lots_1_a_5
157,Centaurea,Centaurée des montagnes,Centaurea montana,montana / Alba / Carnea,Astéracées,vivace,1,0,0,0,0,0,0,0,0,0,0,0,0,0,,40,40,60,60,mai,juillet,"bleu violacé, blanc ou rose clair",,1,0,0,0,1,1,1,0,0,0,0,chaude|froide|neutre,1,0,0,0,0,0,0,,,,,,,,,,livre_complet,89,,,extrait_structuré,lots_1_a_5
158,Centaurea,Centaurée,Centaurea pulcherrima,pulcherrima,Astéracées,vivace,1,0,0,1,0,0,0,0,0,1,0,0,0,0,,50,50,50,50,mai,juillet,rose,grisâtre,0,0,0,0,1,0,0,0,0,0,1,chaude|froide,1,1,1,0,0,0,0,,,,,,,,,,livre_complet,89,,,extrait_structuré,lots_1_a_5
159,Centaurea,Centaurée,Centaurea simplicicaulis,simplicicaulis,Astéracées,vivace,1,0,0,1,0,0,0,0,0,0,0,0,0,0,,30,30,40,40,mai,juillet,rose lilacé,vert grisâtre ou argenté,0,0,0,0,1,0,0,1,0,0,1,chaude|froide,1,1,1,0,0,0,0,,,,,,,,,,livre_complet,89,,,extrait_structuré,lots_1_a_5
160,Centranthus,Valériane des jardins,Centranthus ruber,ruber / Albus / Coccineus,Valérianacées,vivace,1,0,0,0,1,0,0,0,0,1,1,0,0,0,,60,80,60,60,mai,août,"rouge, carminé, blanc",,1,0,0,1,0,0,0,0,0,0,0,chaude|neutre,1,0,0,0,0,0,0,,,Terre calcaire ou caillouteuse; rabattage en fin de floraison.,,,,,,,livre_complet,89,,,extrait_structuré,lots_1_a_5
161,Cephalaria,Céphalaire,Cephalaria alpina,alpina,Dipsacacées,vivace,1,0,0,0,1,1,0,0,0,0,0,0,1,0,,80,100,50,50,juin,juillet,jaune crème,,0,1,0,0,0,0,0,0,0,1,0,chaude|neutre,1,0,0,0,0,0,0,,,,,,,,,,livre_complet,90,,,extrait_structuré,lots_1_a_5
162,Cephalaria,Céphalaire géante,Cephalaria gigantea,gigantea,Dipsacacées,vivace,1,0,0,0,1,1,0,0,0,0,0,0,1,0,,200,200,100,100,juin,août,jaune clair,,0,1,0,0,0,0,0,0,0,0,0,chaude,1,0,0,0,0,0,0,,,"Fond de grand massif, lisière avec grands arbustes.",,,,,,,livre_complet,90,,,extrait_structuré,lots_1_a_5
163,Cerastium,Céraiste,Cerastium alpinum lanatum,alpinum lanatum,Caryophyllacées,vivace tapissante,1,0,0,0,1,0,0,0,0,0,0,0,0,0,,10,10,25,25,avril,mai,blanc,gris,1,0,0,0,0,0,0,0,0,0,1,froide|neutre,0,0,1,0,1,0,0,,,,,,,,,,livre_complet,90,,,extrait_structuré,lots_1_a_5
164,Cerastium,Céraiste,Cerastium arvense,Compactum,Caryophyllacées,vivace couvre-sol,1,0,0,0,0,0,0,0,0,0,0,0,0,0,,5,10,40,40,mai,juin,blanc,grisâtre,1,0,0,0,0,0,0,0,0,0,1,froide|neutre,0,1,1,0,0,0,0,,,,,,,,,,livre_complet,90,,,extrait_structuré,lots_1_a_5
165,Cerastium,Céraiste,Cerastium biebersteinii,biebersteinii,Caryophyllacées,vivace couvre-sol,1,0,0,0,0,0,0,0,0,1,0,0,0,0,,20,20,50,50,mai,juin,blanc,gris,1,0,0,0,0,0,0,0,0,0,1,froide|neutre,0,1,1,0,0,1,0,,,,,,,,,,livre_complet,90,,,extrait_structuré,lots_1_a_5
166,Cerastium,Céraiste tomenteux,Cerastium tomentosum,tomentosum / colonne / Yoyo,Caryophyllacées,vivace tapissante,1,0,0,0,0,0,0,0,0,1,0,0,0,0,,10,15,40,40,mai,juin,blanc,argenté,1,0,0,0,0,0,0,0,0,0,1,froide|neutre,0,0,1,0,1,0,0,,,,,,,,,,livre_complet,90,,,extrait_structuré,lots_1_a_5
167,Ceratostigma,Dentelaire de Lady Larpent,Ceratostigma plumbaginoides,plumbaginoides,Plumbaginacées,vivace,1,1,1,0,0,0,0,0,0,1,1,0,0,0,,20,30,40,40,juillet,octobre,bleu gentiane,bronze puis pourpre,0,0,0,0,0,1,1,0,1,0,0,froide,1,0,0,0,0,0,0,,,,,,,,,,livre_complet,91,,,extrait_structuré,lots_1_a_5
168,Chaenorhinum,Linaire,Chaenorhinum origanifolium,Blue Dream,Scrophulariacées,vivace,0,1,0,0,0,0,0,0,0,0,1,0,0,0,,25,25,30,30,mai,septembre,"bleu violacé, mauve jaune à la gorge",,0,1,0,0,0,1,1,0,0,0,0,chaude|froide,0,0,1,0,1,0,0,,,,,,,,,,livre_complet,91,,,extrait_structuré,lots_1_a_5
169,Chamerion,Épilobe,Chamerion angustifolium,Leucanthum,Onagracées,vivace,1,1,0,1,1,1,0,0,0,0,0,0,0,1,,100,120,40,40,juillet,septembre,blanc,,1,0,0,0,0,0,0,0,0,0,0,neutre,1,0,0,0,0,0,0,,Couper les hampes défleuries pour éviter les semis indésirables.,,,,,,,,livre_complet,91,,,extrait_structuré,lots_1_a_5
170,Chamerion,Épilobe,Chamerion dodonaei,dodonaei,Onagracées,vivace,1,1,0,1,1,1,0,0,0,0,0,0,0,1,,50,60,40,40,juillet,septembre,rose malvacé,,0,0,0,0,1,0,0,0,0,0,0,chaude,1,0,1,0,0,0,0,,,,,,,,,,livre_complet,91,,,extrait_structuré,lots_1_a_5
171,Chamerion,Épilobe,Chamerion fleischeri,fleischeri,Onagracées,vivace,1,1,0,1,0,0,0,0,0,0,1,0,0,0,,20,30,30,30,juillet,septembre,rose malvacé,,0,0,0,0,1,0,0,0,0,0,0,chaude,0,0,1,0,0,0,0,,,,,,,,,,livre_complet,92,,,extrait_structuré,lots_1_a_5
172,Chiastophyllum,Goutte d’or,Chiastophyllum oppositifolium,oppositifolium,Crassulacées,vivace,0,1,0,0,1,1,0,0,0,0,0,0,0,0,,15,15,20,20,juin,juillet,jaune d’or,,0,1,0,0,0,0,0,0,0,0,0,chaude,0,0,1,0,1,0,0,,,,,,,,,,livre_complet,92,,,extrait_structuré,lots_1_a_5
173,Chelone,Chelone,Chelone obliqua,obliqua / Alba,Scrophulariacées,vivace,1,1,0,0,0,1,1,0,0,0,0,0,0,0,,60,70,60,60,août,octobre,rose foncé ou blanc,,1,0,0,0,1,0,0,0,0,0,0,chaude|neutre,1,0,0,0,0,0,0,,,,,,,,,,livre_complet,92,,,extrait_structuré,lots_1_a_5
174,Chrysanthemum,Chrysanthème / marguerite d’automne,Chrysanthemum hybrides des jardins,"Apollo, Ceddie Masson, Clara Curtis, Goldmarianne, Lady Brockett, Luciana, Mary Stoker, Orange Wonder, Red Velvet, Schaffhausen, Soir d’orient",Astéracées,vivace,1,0,0,0,0,0,0,0,0,0,0,0,0,0,,40,90,50,60,juillet,novembre,"rouge, rose, jaune, orange, violet, pourpre",,0,1,1,1,1,1,0,0,1,0,0,chaude|froide,1,0,0,0,0,0,1,,Rabattre tôt sous climat froid et humide; division utile.,,,,,,,,livre_complet,92-93,,,extrait_structuré,lots_1_a_5
175,Chrysogonum,Chrysogonum,Chrysogonum virginianum,virginianum,Astéracées,vivace,1,1,0,0,1,1,0,0,0,0,0,0,1,0,,20,30,40,40,mai,septembre,jaune,,0,1,0,0,0,0,0,0,0,0,0,chaude,1,1,0,0,0,0,0,,,,,,,,,,livre_complet,93,,,extrait_structuré,lots_1_a_5
176,Cimicifuga,Cierge d’argent,Cimicifuga dahurica,dahurica,Renonculacées,vivace,0,1,1,0,0,1,0,0,0,0,0,0,1,0,,200,200,60,80,août,août,blanc,,1,0,0,0,0,0,0,0,0,0,0,neutre,1,0,0,0,0,0,0,,,,,,,,,,livre_complet,94,,,extrait_structuré,lots_1_a_5
177,Cimicifuga,Cierge d’argent,Cimicifuga racemosa,racemosa / var. cordifolia,Renonculacées,vivace,0,1,1,1,0,1,0,0,0,0,0,0,1,0,,150,200,60,80,juillet,août,blanc crème,,1,0,0,0,0,0,0,0,0,1,0,neutre,1,0,0,0,0,0,0,,,,,,,,,,livre_complet,94,,,extrait_structuré,lots_1_a_5
178,Cimicifuga,Cierge d’argent,Cimicifuga simplex,White Pearl,Renonculacées,vivace,0,1,1,0,0,1,0,0,0,0,0,0,1,0,,100,150,60,80,octobre,octobre,blanc,,1,0,0,0,0,0,0,0,0,0,0,neutre,1,0,0,0,0,0,0,,,,,,,,,,livre_complet,94,,,extrait_structuré,lots_1_a_5
179,Cirsium,Cirse,Cirsium japonicum,japonicum / Early Red Beauty,Astéracées,vivace,1,0,0,0,0,0,0,0,0,1,0,0,0,0,,60,70,40,40,mai,juin,"rougeâtre, rouge",,0,0,0,1,0,0,0,0,0,0,0,chaude,1,0,1,0,0,0,0,,,,,,,,,,livre_complet,95,,,extrait_structuré,lots_1_a_5
180,Clematis,Clématite,Clematis integrifolia,integrifolia,Renonculacées,vivace,1,1,0,1,0,0,0,0,0,1,1,0,1,0,,60,60,60,60,juillet,septembre,bleu violacé,,0,0,0,0,0,1,1,0,0,0,0,froide,1,0,0,0,0,0,0,,,,,,,,,,livre_complet,95,,,extrait_structuré,lots_1_a_5
181,Clematis,Clématite,Clematis x jouiniana,jouiniana / Mrs Robert Brydon / Praecox,Renonculacées,vivace couvre-sol,1,1,0,1,0,0,0,0,0,1,0,0,1,0,,60,80,60,100,juillet,août,"bleu, bleu pâle",,0,0,0,0,0,0,1,0,0,0,0,froide,1,0,0,0,0,1,0,,,Appui sur arbuste ou tapis devant grands arbustes.,,,,,,,livre_complet,95,,,extrait_structuré,lots_1_a_5
182,Clematis,Clématite,Clematis recta,recta / Purpurea,Renonculacées,vivace,1,1,0,1,0,0,0,0,0,1,0,0,1,0,,100,150,60,60,juillet,août,blanc crème,brunâtre pourpré possible,1,0,0,0,0,0,0,0,0,1,0,neutre,1,0,0,0,0,0,1,,,,,,,,,,livre_complet,95,,,extrait_structuré,lots_1_a_5
183,Clematis,Clématite,Clematis tangutica,tangutica,Renonculacées,vivace grimpante,1,1,0,0,0,0,0,0,0,0,0,0,0,0,,60,300,60,60,juillet,octobre,jaune vif,,0,1,0,0,0,0,0,0,0,0,0,chaude,0,0,0,0,0,1,0,,,,,,,,,,livre_complet,96,,,extrait_structuré,lots_1_a_5
184,Codonopsis,Codonopsis,Codonopsis clematidea,clematidea,Campanulacées,vivace,1,1,0,0,0,0,0,0,0,1,0,0,0,0,,50,50,40,40,juin,juillet,bleu porcelaine pâle,,0,1,0,0,0,0,1,0,0,0,0,chaude|froide,1,0,1,0,0,0,0,,,,,,,,,,livre_complet,96,,,extrait_structuré,lots_1_a_5
185,Codonopsis,Codonopsis,Codonopsis tangshen,tangshen,Campanulacées,vivace sarmenteuse,1,1,0,0,0,0,0,0,0,0,0,0,0,0,,100,100,40,40,juin,juillet,"blanc verdâtre, réseau brun pourpré",,1,0,0,0,0,0,0,1,1,0,0,froide|neutre,1,0,0,0,0,0,0,,,,,,,,,,livre_complet,96,,,extrait_structuré,lots_1_a_5
186,Commelina,Éphémère,Commelina tuberosa,tuberosa / Alba,Commélinacées,vivace bulbeuse,1,1,0,0,0,1,0,0,0,0,0,0,0,0,,50,50,40,40,juillet,août,bleu pur ou blanc,,1,0,0,0,0,0,1,0,0,0,0,froide|neutre,1,0,0,0,0,0,0,,,À abriter sous climat froid; bulbe hiverné comme un dahlia.,,,caduc,,,,livre_complet,96,,déduit du livre (catégorie bulbeuse/tubéreuse),extrait_structuré,lots_1_a_5
187,Convallaria,Muguet,Convallaria majalis,majalis / Albostriata / Flore Plena / Rosea,Liliacées,vivace rhizomateuse,0,1,1,0,0,1,1,1,0,0,0,0,0,0,,20,20,30,30,avril,mai,blanc ou rose,,1,0,0,0,1,0,0,0,0,0,0,chaude|neutre,0,0,0,0,0,1,0,,,Sous grands arbustes ou mi-ombre; aime aussi terre de bruyère.,,,,,,,livre_complet,96,,,extrait_structuré,lots_1_a_5
188,Convolvulus,Liseron,Convolvulus cantabricus,cantabricus,Convolvulacées,vivace,1,0,0,0,1,0,0,0,0,1,0,0,0,0,,15,30,,,juin,septembre,rose,,0,0,0,0,1,0,0,0,0,0,0,chaude,1,0,1,0,0,0,0,,,,,,,,,,livre_complet,98,,,à_vérifier_depuis_photo,lot_6_pages_98_118
189,Convolvulus,Liseron argenté,Convolvulus cneorum,cneorum,Convolvulacées,sous-arbrisseau,1,0,0,0,1,0,0,0,0,1,0,0,0,0,,50,60,,,mai,août,blanc,argenté,1,0,0,0,0,0,0,0,0,0,1,froide|neutre,1,0,1,0,1,0,0,,,,,,,,,,livre_complet,98,,,à_vérifier_depuis_photo,lot_6_pages_98_118
190,Convolvulus,Liseron de Mauritanie,Convolvulus sabatius,sabatius / C. mauritanicus,Convolvulacées,vivace retombante,1,0,0,0,0,0,0,0,0,1,0,0,0,0,,15,20,,,juin,septembre,bleu lavande,,0,0,0,0,0,0,1,0,0,0,0,froide,0,0,1,0,1,0,0,,,,,,,,,,livre_complet,98,,,à_vérifier_depuis_photo,lot_6_pages_98_118
191,Coreopsis,Coréopsis,Coreopsis grandiflora,grandiflora,Astéracées,vivace,1,0,0,0,1,0,0,0,0,1,0,0,0,0,,40,80,,,juin,septembre,jaune,,0,1,0,0,0,0,0,0,0,0,0,chaude,1,0,0,0,0,0,1,,,,,,,,,,livre_complet,98-99,,,à_vérifier_depuis_photo,lot_6_pages_98_118
192,Coreopsis,Coréopsis,Coreopsis grandiflora,Badengold,Astéracées,vivace cultivar,1,0,0,0,0,0,0,0,0,1,0,0,0,0,,80,80,,,juin,septembre,jaune d’or,,0,1,0,0,0,0,0,0,0,0,0,chaude,1,0,0,0,0,0,1,,,,,,,,,,livre_complet,99,,,à_vérifier_depuis_photo,lot_6_pages_98_118
193,Coreopsis,Coréopsis,Coreopsis grandiflora,Domino,Astéracées,vivace cultivar,1,0,0,0,0,0,0,0,0,1,0,0,0,0,,40,60,,,juin,septembre,jaune à centre rouge,,0,1,0,1,0,0,0,0,0,0,0,chaude,1,0,0,0,0,0,0,,,,,,,,,,livre_complet,99,,,à_vérifier_depuis_photo,lot_6_pages_98_118
194,Coreopsis,Coréopsis,Coreopsis grandiflora,Eldorado,Astéracées,vivace cultivar,1,0,0,0,0,0,0,0,0,1,0,0,0,0,,60,80,,,juin,septembre,jaune,,0,1,0,0,0,0,0,0,0,0,0,chaude,1,0,0,0,0,0,0,,,,,,,,,,livre_complet,99,,,à_vérifier_depuis_photo,lot_6_pages_98_118
195,Coreopsis,Coréopsis,Coreopsis grandiflora,Early Sunrise,Astéracées,vivace cultivar,1,0,0,0,0,0,0,0,0,1,0,0,0,0,,40,50,,,juin,septembre,jaune,,0,1,0,0,0,0,0,0,0,0,0,chaude,1,1,0,0,0,0,0,,,,,,,,,,livre_complet,99,,,à_vérifier_depuis_photo,lot_6_pages_98_118
196,Coreopsis,Coréopsis,Coreopsis grandiflora,Golden Cup,Astéracées,vivace cultivar,1,0,0,0,0,0,0,0,0,1,0,0,0,0,,40,60,,,juin,septembre,jaune,,0,1,0,0,0,0,0,0,0,0,0,chaude,1,0,0,0,0,0,0,,,,,,,,,,livre_complet,99,,,à_vérifier_depuis_photo,lot_6_pages_98_118
197,Coreopsis,Coréopsis,Coreopsis grandiflora,Mayfield Giant,Astéracées,vivace cultivar,1,0,0,0,0,0,0,0,0,1,0,0,0,0,,80,100,,,juin,septembre,jaune,,0,1,0,0,0,0,0,0,0,0,0,chaude,1,0,0,0,0,0,0,,,,,,,,,,livre_complet,99,,,à_vérifier_depuis_photo,lot_6_pages_98_118
198,Coreopsis,Coréopsis,Coreopsis lanceolata,lanceolata,Astéracées,vivace,1,0,0,0,1,0,0,0,0,1,0,0,0,0,,30,60,,,juin,septembre,jaune,,0,1,0,0,0,0,0,0,0,0,0,chaude,1,1,0,0,0,0,0,,,,,,,,,,livre_complet,100,,,à_vérifier_depuis_photo,lot_6_pages_98_118
199,Coreopsis,Coréopsis,Coreopsis lanceolata,Goldfink,Astéracées,vivace cultivar,1,0,0,0,0,0,0,0,0,0,0,0,0,0,,25,30,,,juin,septembre,jaune,,0,1,0,0,0,0,0,0,0,0,0,chaude,0,1,0,0,0,0,0,,,,,,,,,,livre_complet,100,,,à_vérifier_depuis_photo,lot_6_pages_98_118
200,Coreopsis,Coréopsis,Coreopsis lanceolata,Lichtstad,Astéracées,vivace cultivar,1,0,0,0,0,0,0,0,0,0,0,0,0,0,,50,60,,,juin,septembre,jaune,,0,1,0,0,0,0,0,0,0,0,0,chaude,1,0,0,0,0,0,0,,,,,,,,,,livre_complet,100,,,à_vérifier_depuis_photo,lot_6_pages_98_118
201,Coreopsis,Coréopsis,Coreopsis lanceolata,Rotkehlchen,Astéracées,vivace cultivar,1,0,0,0,0,0,0,0,0,0,0,0,0,0,,40,50,,,juin,septembre,jaune à centre rouge,,0,1,0,1,0,0,0,0,0,0,0,chaude,1,0,0,0,0,0,0,,,,,,,,,,livre_complet,100,,,à_vérifier_depuis_photo,lot_6_pages_98_118
202,Coreopsis,Coréopsis,Coreopsis lanceolata,Sterntaler,Astéracées,vivace cultivar,1,0,0,0,0,0,0,0,0,0,0,0,0,0,,30,40,,,juin,septembre,jaune,,0,1,0,0,0,0,0,0,0,0,0,chaude,0,1,0,0,0,0,0,,,,,,,,,,livre_complet,100,,,à_vérifier_depuis_photo,lot_6_pages_98_118
203,Coreopsis,Coréopsis rose,Coreopsis rosea,rosea,Astéracées,vivace,1,0,0,0,0,1,0,0,0,0,0,0,0,0,,30,50,,,juin,août,rose,,0,0,0,0,1,0,0,0,0,0,0,chaude,1,1,0,0,0,0,0,,,,,,,,,,livre_complet,100,,,à_vérifier_depuis_photo,lot_6_pages_98_118
204,Coreopsis,Coréopsis rose,Coreopsis rosea,American Dream,Astéracées,vivace cultivar,1,0,0,0,0,1,0,0,0,0,0,0,0,0,,40,50,,,juin,août,rose,,0,0,0,0,1,0,0,0,0,0,0,chaude,1,0,0,0,0,0,0,,,,,,,,,,livre_complet,100,,,à_vérifier_depuis_photo,lot_6_pages_98_118
205,Coreopsis,Coréopsis rose,Coreopsis rosea,Nana,Astéracées,vivace cultivar,1,0,0,0,0,1,0,0,0,0,0,0,0,0,,20,30,,,juin,août,rose,,0,0,0,0,1,0,0,0,0,0,0,chaude,0,1,0,0,0,0,0,,,,,,,,,,livre_complet,100,,,à_vérifier_depuis_photo,lot_6_pages_98_118
206,Coreopsis,Coréopsis,Coreopsis tripteris,tripteris,Astéracées,vivace,1,0,0,0,0,1,0,0,0,0,0,0,0,0,,150,200,,,août,septembre,jaune,,0,1,0,0,0,0,0,0,0,0,0,chaude,1,0,0,0,0,0,0,,,,,,,,,,livre_complet,100,,,à_vérifier_depuis_photo,lot_6_pages_98_118
207,Coreopsis,Coréopsis verticillé,Coreopsis verticillata,verticillata,Astéracées,vivace,1,0,0,0,1,0,0,0,0,1,0,0,0,0,,40,80,,,juin,septembre,jaune,,0,1,0,0,0,0,0,0,0,0,0,chaude,1,0,0,0,0,0,0,,,,,,,,,,livre_complet,100-101,,,à_vérifier_depuis_photo,lot_6_pages_98_118
208,Coreopsis,Coréopsis verticillé,Coreopsis verticillata,Grandiflora,Astéracées,vivace cultivar,1,0,0,0,0,0,0,0,0,0,0,0,0,0,,60,80,,,juin,septembre,jaune,,0,1,0,0,0,0,0,0,0,0,0,chaude,1,0,0,0,0,0,0,,,,,,,,,,livre_complet,101,,,à_vérifier_depuis_photo,lot_6_pages_98_118
209,Coreopsis,Coréopsis verticillé,Coreopsis verticillata,Moonbeam,Astéracées,vivace cultivar,1,0,0,0,1,0,0,0,0,0,0,0,0,0,,40,50,,,juin,septembre,jaune pâle,,0,1,0,0,0,0,0,0,0,0,0,chaude,1,1,0,0,0,0,0,,,,,,,,,,livre_complet,101,,,à_vérifier_depuis_photo,lot_6_pages_98_118
210,Coreopsis,Coréopsis verticillé,Coreopsis verticillata,Zagreb,Astéracées,vivace cultivar,1,0,0,0,1,0,0,0,0,0,0,0,0,0,,30,40,,,juin,septembre,jaune,,0,1,0,0,0,0,0,0,0,0,0,chaude,0,1,0,0,0,0,0,,,,,,,,,,livre_complet,101,,,à_vérifier_depuis_photo,lot_6_pages_98_118
211,Coronilla,Coronille bigarrée,Coronilla varia,varia,Fabacées,vivace,1,0,0,0,1,0,0,0,0,0,0,0,0,1,,30,60,,,juin,septembre,"rose, blanc",,1,0,0,0,1,0,0,0,0,0,0,chaude|neutre,1,0,0,0,0,0,0,,,,,,,,,,livre_complet,101,,,à_vérifier_depuis_photo,lot_6_pages_98_118
212,Cornus,Cornouiller du Canada,Cornus canadensis,canadensis,Cornacées,couvre-sol,0,1,1,0,0,1,0,0,0,0,0,1,1,0,,10,20,,,mai,juin,blanc,,1,0,0,0,0,0,0,0,0,0,0,neutre,0,0,0,0,0,1,0,,,,,,,,,,livre_complet,101,,,à_vérifier_depuis_photo,lot_6_pages_98_118
213,Cortusa,Cortuse,Cortusa matthioli,matthioli,Primulacées,vivace,0,1,0,0,0,1,0,0,0,0,0,0,1,0,,20,30,,,avril,mai,rose pourpré,,0,0,0,0,1,0,0,0,0,0,0,chaude,0,0,1,0,0,0,0,,,,,,,,,,livre_complet,101,,,à_vérifier_depuis_photo,lot_6_pages_98_118
214,Corydalis,Corydale,Corydalis cheilanthifolia,cheilanthifolia,Papavéracées,vivace,0,1,1,0,0,1,0,0,0,0,0,0,0,0,,20,30,,,avril,juin,jaune,,0,1,0,0,0,0,0,0,0,0,0,chaude,0,0,1,0,0,0,0,,,,,,,,,,livre_complet,102,,,à_vérifier_depuis_photo,lot_6_pages_98_118
215,Corydalis,Corydale jaune,Corydalis lutea,lutea,Papavéracées,vivace,0,1,1,0,0,1,0,0,0,0,0,0,0,0,,20,30,,,mai,septembre,jaune,,0,1,0,0,0,0,0,0,0,0,0,chaude,0,0,1,0,0,0,0,,,,,,,,,,livre_complet,102,,,à_vérifier_depuis_photo,lot_6_pages_98_118
216,Corydalis,Corydale,Corydalis ochroleuca,ochroleuca,Papavéracées,vivace,0,1,1,0,0,1,0,0,0,0,0,0,0,0,,20,30,,,mai,septembre,blanc crème,,1,0,0,0,0,0,0,0,0,1,0,neutre,0,0,1,0,0,0,0,,,,,,,,,,livre_complet,102,,,à_vérifier_depuis_photo,lot_6_pages_98_118
217,Corydalis,Corydale,Corydalis solida,solida,Papavéracées,vivace bulbeuse,0,1,1,0,0,1,0,0,0,0,0,0,0,0,,15,20,,,mars,avril,"rose, violet, blanc",,1,0,0,0,1,1,0,0,0,0,0,chaude|froide|neutre,0,0,0,0,0,0,0,,,,,,caduc,,,,livre_complet,102,,déduit du livre (catégorie bulbeuse/tubéreuse),à_vérifier_depuis_photo,lot_6_pages_98_118
218,Corydalis,Corydale bleue,Corydalis flexuosa,flexuosa,Papavéracées,vivace,0,1,1,0,0,1,0,0,0,0,0,0,1,0,,20,30,,,mai,juillet,bleu,,0,0,0,0,0,0,1,0,0,0,0,froide,1,0,0,0,0,0,0,,,,,,,,,,livre_complet,102,,,à_vérifier_depuis_photo,lot_6_pages_98_118
219,Cosmos,Cosmos chocolat,Cosmos atrosanguineus,atrosanguineus,Astéracées,vivace peu rustique,1,0,0,0,0,0,0,0,0,1,0,0,1,0,,50,70,,,juillet,octobre,rouge brun foncé,,0,0,0,1,0,0,0,0,0,0,0,chaude,1,0,0,0,1,0,0,,,,-5,,,,,,livre_complet,103,,déduit du livre (mention climat doux ou peu rustique),à_vérifier_depuis_photo,lot_6_pages_98_118
220,Cotula,Cotule,Cotula coronopifolia,coronopifolia,Astéracées,vivace,1,0,0,0,0,0,1,0,0,0,0,0,0,0,,20,30,,,juin,septembre,jaune,,0,1,0,0,0,0,0,0,0,0,0,chaude,0,1,0,1,0,0,0,,,,,,,,,,livre_complet,103,,,à_vérifier_depuis_photo,lot_6_pages_98_118
221,Cotula,Cotule,Cotula hispida,hispida,Astéracées,couvre-sol,1,0,0,0,1,0,0,0,0,0,0,0,0,0,,5,10,,,juin,août,jaune,gris argenté,0,1,0,0,0,0,0,0,0,0,1,chaude|froide,0,0,1,0,0,1,0,,,,,,,,,,livre_complet,103,,,à_vérifier_depuis_photo,lot_6_pages_98_118
222,Crambe,Crambe,Crambe cordifolia,cordifolia,Brassicacées,vivace,1,0,0,0,0,1,0,0,0,0,0,0,1,0,,150,200,,,mai,juin,blanc,,1,0,0,0,0,0,0,0,0,0,0,neutre,1,0,0,0,0,0,0,,,,,,,,,,livre_complet,103,,,à_vérifier_depuis_photo,lot_6_pages_98_118
223,Crambe,Crambé maritime,Crambe maritima,maritima,Brassicacées,vivace,1,0,0,0,1,0,0,0,0,1,0,0,0,0,,50,70,,,mai,juin,blanc,bleuté,1,0,0,0,0,0,1,0,0,0,1,froide|neutre,1,0,1,0,0,0,0,,,,,,,,,,livre_complet,103,,,à_vérifier_depuis_photo,lot_6_pages_98_118
224,Crassula,Crassule,Crassula sedifolia,sedifolia,Crassulacées,succulente vivace,1,0,0,0,1,0,0,0,0,1,0,0,0,0,,5,10,,,juin,juillet,blanc,,1,0,0,0,0,0,0,0,0,0,0,neutre,0,0,1,0,1,0,0,,,,,,,,,,livre_complet,103,,,à_vérifier_depuis_photo,lot_6_pages_98_118
225,Crocosmia,Montbrétia,Crocosmia masoniorum,masoniorum,Iridacées,vivace bulbeuse,1,0,0,0,0,1,0,0,0,1,0,0,0,0,,80,100,,,juillet,août,orange rouge,,0,1,1,1,0,0,0,0,0,0,0,chaude,1,0,0,0,0,0,1,,,,,,caduc,,,,livre_complet,104,,déduit du livre (catégorie bulbeuse/tubéreuse),à_vérifier_depuis_photo,lot_6_pages_98_118
226,Crocosmia,Montbrétia,Crocosmia hybrides,"hybrides: James Coey, Solfatare",Iridacées,vivace bulbeuse,1,0,0,0,0,1,0,0,0,1,0,0,0,0,,60,100,,,juillet,septembre,"jaune, orange, rouge",,0,1,1,1,0,0,0,0,0,0,0,chaude,1,0,0,0,0,0,1,,,,,,caduc,,,,livre_complet,104,,déduit du livre (catégorie bulbeuse/tubéreuse),à_vérifier_depuis_photo,lot_6_pages_98_118
227,Crocosmia,Montbrétia,Crocosmia hybrides,Emberglow,Iridacées,vivace cultivar,1,0,0,0,0,0,0,0,0,0,0,0,0,0,,60,80,,,juillet,septembre,rouge orangé,,0,1,1,1,0,0,0,0,0,0,0,chaude,1,0,0,0,0,0,1,,,,,,,,,,livre_complet,104,,,à_vérifier_depuis_photo,lot_6_pages_98_118
228,Crocosmia,Montbrétia,Crocosmia hybrides,Emily McKenzie,Iridacées,vivace cultivar,1,0,0,0,0,0,0,0,0,0,0,0,0,0,,60,80,,,juillet,septembre,orange à cœur rouge,,0,1,1,1,0,0,0,0,0,0,0,chaude,1,0,0,0,0,0,0,,,,,,,,,,livre_complet,104,,,à_vérifier_depuis_photo,lot_6_pages_98_118
229,Crocosmia,Montbrétia,Crocosmia hybrides,Fire Bird,Iridacées,vivace cultivar,1,0,0,0,0,0,0,0,0,0,0,0,0,0,,60,80,,,juillet,septembre,rouge feu,,0,0,0,1,0,0,0,0,0,0,0,chaude,1,0,0,0,0,0,0,,,,,,,,,,livre_complet,104,,,à_vérifier_depuis_photo,lot_6_pages_98_118
230,Crocosmia,Montbrétia,Crocosmia hybrides,Lucifer,Iridacées,vivace cultivar,1,0,0,0,0,0,0,0,0,0,0,0,0,0,,100,120,,,juillet,août,rouge,,0,0,0,1,0,0,0,0,0,0,0,chaude,1,0,0,0,0,0,1,,,,,,,,,,livre_complet,104,,,à_vérifier_depuis_photo,lot_6_pages_98_118
231,Crocosmia,Montbrétia,Crocosmia hybrides,Norwich Canary,Iridacées,vivace cultivar,1,0,0,0,0,0,0,0,0,0,0,0,0,0,,60,80,,,juillet,septembre,jaune,,0,1,0,0,0,0,0,0,0,0,0,chaude,1,0,0,0,0,0,0,,,,,,,,,,livre_complet,104,,,à_vérifier_depuis_photo,lot_6_pages_98_118
232,Cyclamen,Cyclamen,Cyclamen coum,coum,Primulacées,vivace tubéreuse,0,1,1,0,0,1,0,0,0,0,0,0,1,0,,10,15,,,janvier,mars,"rose, blanc",,1,0,0,0,1,0,0,0,0,0,0,chaude|neutre,0,0,0,0,0,1,0,,,,,,caduc,,,,livre_complet,105,,déduit du livre (catégorie bulbeuse/tubéreuse),à_vérifier_depuis_photo,lot_6_pages_98_118
233,Cyclamen,Cyclamen de Naples,Cyclamen hederifolium,hederifolium,Primulacées,vivace tubéreuse,0,1,1,0,0,1,0,0,0,0,0,0,1,0,,10,20,,,août,octobre,"rose, blanc",,1,0,0,0,1,0,0,0,0,0,0,chaude|neutre,0,0,0,0,0,1,0,,,,,,caduc,,,,livre_complet,105,,déduit du livre (catégorie bulbeuse/tubéreuse),à_vérifier_depuis_photo,lot_6_pages_98_118
234,Cyclamen,Cyclamen d’Europe,Cyclamen purpurascens,purpurascens,Primulacées,vivace tubéreuse,0,1,1,0,0,1,0,0,0,0,0,0,0,0,,10,15,,,juillet,septembre,rose pourpré,,0,0,0,0,1,0,0,0,0,0,0,chaude,0,0,0,0,0,0,0,,,,,,caduc,,,,livre_complet,105,,déduit du livre (catégorie bulbeuse/tubéreuse),à_vérifier_depuis_photo,lot_6_pages_98_118
235,Cymbalaria,Ruine de Rome,Cymbalaria muralis,muralis,Scrophulariacées,vivace tapissante,0,1,0,0,0,1,0,0,0,0,0,0,0,0,,5,10,,,avril,septembre,violet lilacé,,0,0,0,0,0,1,0,0,0,0,0,froide,0,0,1,0,0,0,0,,,,,,,,,,livre_complet,105,,,à_vérifier_depuis_photo,lot_6_pages_98_118
236,Cynoglossum,Cynoglosse,Cynoglossum nervosum,nervosum,Boraginacées,vivace,1,0,0,0,0,0,0,0,0,1,0,0,0,0,,40,60,,,juin,août,bleu,,0,0,0,0,0,0,1,0,0,0,0,froide,1,0,0,0,0,0,0,,,,,,,,,,livre_complet,106,,,à_vérifier_depuis_photo,lot_6_pages_98_118
237,Darmera,Darmera,Darmera peltata,peltata,Saxifragacées,vivace,0,1,0,0,0,0,1,0,0,0,0,0,1,0,,80,120,,,avril,mai,rose,,0,0,0,0,1,0,0,0,0,0,0,chaude,1,0,0,1,0,0,0,,,,,,,,,,livre_complet,106,,,à_vérifier_depuis_photo,lot_6_pages_98_118
238,Delosperma,Pourpier vivace,Delosperma aberdeenense,aberdeenense,Aizoacées,succulente vivace,1,0,0,0,1,0,0,0,0,1,0,0,0,0,,5,10,,,juin,septembre,rose,,0,0,0,0,1,0,0,0,0,0,0,chaude,0,0,1,0,1,0,0,,,,,,,,,,livre_complet,106,,,à_vérifier_depuis_photo,lot_6_pages_98_118
239,Delosperma,Pourpier vivace,Delosperma cooperi,cooperi,Aizoacées,succulente vivace,1,0,0,0,1,0,0,0,0,1,0,0,0,0,,10,15,,,juin,septembre,rose violet,,0,0,0,0,1,1,0,0,0,0,0,chaude|froide,0,0,1,0,0,1,0,,,,,,,,,,livre_complet,106,,,à_vérifier_depuis_photo,lot_6_pages_98_118
240,Delosperma,Pourpier vivace,Delosperma lineare,lineare,Aizoacées,succulente vivace,1,0,0,0,1,0,0,0,0,1,0,0,0,0,,5,10,,,juin,septembre,jaune,,0,1,0,0,0,0,0,0,0,0,0,chaude,0,0,1,0,0,1,0,,,,,,,,,,livre_complet,106,,,à_vérifier_depuis_photo,lot_6_pages_98_118
241,Delphinium,Pied-d’alouette,Delphinium belladonna group,"Casa Blanca, Cliveden Beauty, Lamartine, Moerheimii",Renonculacées,vivace,1,0,0,0,0,1,0,0,0,0,0,0,1,0,,80,120,,,juin,septembre,"blanc, bleu clair, bleu, violet",,1,0,0,0,0,1,1,0,0,0,0,froide|neutre,1,0,0,0,0,0,1,,,,,,,,,,livre_complet,107,,,à_vérifier_depuis_photo,lot_6_pages_98_118
242,Delphinium,Pied-d’alouette,Delphinium grandiflorum,"Blue Butterfly, Tom Pouce",Renonculacées,vivace,1,0,0,0,0,1,0,0,0,1,0,0,0,0,,30,60,,,juin,août,bleu,,0,0,0,0,0,0,1,0,0,0,0,froide,1,1,0,0,0,0,0,,,,,,,,,,livre_complet,107,,,à_vérifier_depuis_photo,lot_6_pages_98_118
243,Delphinium,Pied-d’alouette,Delphinium hybrides,"Astolat, Black Knight, Blue Bird",Renonculacées,vivace,1,0,0,0,0,1,0,0,0,0,0,0,1,0,,120,180,,,juin,juillet,"rose, violet, bleu",,0,0,0,0,1,1,1,0,0,0,0,chaude|froide,1,0,0,0,0,0,1,,,,,,,,,,livre_complet,108,,,à_vérifier_depuis_photo,lot_6_pages_98_118
244,Delphinium,Pied-d’alouette,Delphinium New Century hybrids,New Century hybrids,Renonculacées,vivace hybride,1,0,0,0,0,1,0,0,0,0,0,0,1,0,,120,180,,,juin,juillet,"bleu, violet, rose, blanc",,1,0,0,0,1,1,1,0,0,0,0,chaude|froide|neutre,1,0,0,0,0,0,1,,,,,,,,,,livre_complet,108,,,à_vérifier_depuis_photo,lot_6_pages_98_118
245,Delphinium,Pied-d’alouette rouge,Delphinium nudicaule,nudicaule,Renonculacées,vivace,1,0,0,0,0,1,0,0,0,1,0,0,0,0,,30,60,,,juin,août,rouge orangé,,0,1,1,1,0,0,0,0,0,0,0,chaude,1,0,0,0,0,0,0,,,,,,,,,,livre_complet,108,,,à_vérifier_depuis_photo,lot_6_pages_98_118
